pfam00378	TIGR02437
pfam00380	TIGR03627
pfam03737	TIGR02998
pfam13242	TIGR01460
pfam02624	TIGR00702
pfam03460	TIGR02041
pfam00118	TIGR02348
pfam01048	TIGR01721
pfam00006	TIGR03305
pfam00118	TIGR02340
pfam13183	TIGR00273
pfam00118	TIGR02347
pfam00118	TIGR02346
pfam06866	TIGR02841
pfam00283	TIGR01332
pfam00283	TIGR01333
pfam06134	TIGR01748
pfam01988	TIGR00267
pfam00266	TIGR01366
pfam00266	TIGR01364
pfam01261	TIGR02631
pfam01261	TIGR02630
pfam00534	TIGR02918
pfam10678	TIGR03853
pfam06506	TIGR02329
pfam01425	TIGR02713
pfam00444	TIGR01022
pfam04542	TIGR02939
pfam04542	TIGR02937
pfam01522	TIGR02884
pfam00163	TIGR01017
pfam00140	TIGR02393
pfam01546	TIGR01882
pfam13444	TIGR03694
pfam00866	TIGR03231
pfam08665	TIGR02687
pfam13291	TIGR00691
pfam00781	TIGR03702
pfam00164	TIGR00981
pfam00164	TIGR00982
pfam01135	TIGR00080
pfam12706	TIGR02649
pfam00871	TIGR00016
pfam09655	TIGR02664
pfam02785	TIGR02712
pfam01226	TIGR04060
pfam03460	TIGR02042
pfam01618	TIGR02805
pfam00977	TIGR00007
pfam05638	TIGR03344
pfam00270	TIGR01970
pfam09488	TIGR02460
pfam00085	TIGR01126
pfam08443	TIGR00768
pfam09931	TIGR02218
pfam01139	TIGR03073
pfam13116	TIGR02099
pfam01888	TIGR00312
pfam07486	TIGR02869
pfam06689	TIGR00382
pfam13241	TIGR01470
pfam02786	TIGR00514
pfam00140	TIGR02997
pfam08530	TIGR00976
pfam04087	TIGR00341
pfam01884	TIGR01769
pfam01884	TIGR01768
pfam00118	TIGR02345
pfam13275	TIGR02988
pfam13343	TIGR03227
pfam00359	TIGR01419
pfam03176	TIGR00921
pfam07501	TIGR04227
pfam00831	TIGR00012
pfam01996	TIGR04132
pfam07451	TIGR02845
pfam02359	TIGR01243
pfam01557	TIGR02312
pfam01227	TIGR03138
pfam07687	TIGR03526
pfam11959	TIGR03006
pfam01103	TIGR00992
pfam00361	TIGR00940
pfam00361	TIGR00944
pfam04165	TIGR00529
pfam00171	TIGR00407
pfam13377	TIGR02405
pfam09704	TIGR01874
pfam00289	TIGR00514
pfam05133	TIGR01538
pfam08780	TIGR01987
pfam01161	TIGR00481
pfam13671	TIGR04075
pfam10145	TIGR01760
pfam03719	TIGR01021
pfam03719	TIGR01020
pfam02589	TIGR00273
pfam01467	TIGR00125
pfam11990	TIGR03750
pfam01676	TIGR01307
pfam09361	TIGR01985
pfam01425	TIGR02715
pfam00009	TIGR03680
pfam00111	TIGR02007
pfam08369	TIGR02014
pfam00111	TIGR02008
pfam12169	TIGR02397
pfam01467	TIGR01527
pfam02108	TIGR03825
pfam13288	TIGR00243
pfam02772	TIGR01034
pfam00155	TIGR03947
pfam01866	TIGR03682
pfam09099	TIGR03908
pfam00585	TIGR02079
pfam07715	TIGR04057
pfam07715	TIGR04056
pfam01409	TIGR00470
pfam00202	TIGR00707
pfam00202	TIGR00700
pfam00202	TIGR00709
pfam14354	TIGR03655
pfam00437	TIGR03819
pfam00106	TIGR01832
pfam00106	TIGR01831
pfam00106	TIGR01830
pfam13406	TIGR02282
pfam13406	TIGR02283
pfam06769	TIGR02116
pfam00692	TIGR00576
pfam00866	TIGR03232
pfam03449	TIGR01462
pfam03449	TIGR01461
pfam00107	TIGR03201
pfam00494	TIGR03464
pfam00494	TIGR03465
pfam01780	TIGR00280
pfam00364	TIGR01235
pfam00070	TIGR02053
pfam05524	TIGR01417
pfam01077	TIGR02912
pfam13417	TIGR01262
pfam01075	TIGR02193
pfam01075	TIGR02195
pfam03726	TIGR02696
pfam05932	TIGR02513
pfam12543	TIGR03435
pfam00970	TIGR01941
pfam09675	TIGR02763
pfam01259	TIGR00081
pfam12627	TIGR02692
pfam01965	TIGR01383
pfam01965	TIGR01382
pfam00361	TIGR01972
pfam00361	TIGR01974
pfam00294	TIGR01231
pfam07732	TIGR02376
pfam03750	TIGR01870
pfam13510	TIGR01372
pfam04074	TIGR00022
pfam09886	TIGR03291
pfam12836	TIGR01259
pfam01521	TIGR01911
pfam00775	TIGR02438
pfam00276	TIGR03636
pfam03608	TIGR00821
pfam03460	TIGR02066
pfam01048	TIGR01700
pfam01048	TIGR01705
pfam01048	TIGR01704
pfam04650	TIGR03658
pfam03610	TIGR00824
pfam00117	TIGR01815
pfam01592	TIGR03419
pfam03764	TIGR00490
pfam13579	TIGR03449
pfam01515	TIGR02709
pfam00355	TIGR03171
pfam04107	TIGR02050
pfam00892	TIGR03340
pfam00148	TIGR03282
pfam00155	TIGR01264
pfam00155	TIGR01265
pfam00158	TIGR02974
pfam00364	TIGR02927
pfam09670	TIGR02710
pfam00072	TIGR02154
pfam00005	TIGR02769
pfam02954	TIGR02915
pfam13247	TIGR01582
pfam01966	TIGR02692
pfam02954	TIGR02974
pfam12262	TIGR03502
pfam01106	TIGR03341
pfam03807	TIGR01915
pfam00905	TIGR03423
pfam08282	TIGR01484
pfam08282	TIGR01487
pfam08282	TIGR01486
pfam07314	TIGR01906
pfam07478	TIGR01205
pfam01546	TIGR01246
pfam00486	TIGR01387
pfam11991	TIGR03429
pfam03169	TIGR00733
pfam00562	TIGR03670
pfam03460	TIGR02435
pfam03781	TIGR02171
pfam00072	TIGR03787
pfam07690	TIGR01272
pfam03193	TIGR00157
pfam00270	TIGR00643
pfam00731	TIGR01162
pfam13662	TIGR00615
pfam00982	TIGR02398
pfam00580	TIGR01073
pfam00580	TIGR01075
pfam00580	TIGR01074
pfam02668	TIGR03946
pfam04203	TIGR03784
pfam00297	TIGR03625
pfam00297	TIGR03626
pfam02082	TIGR00738
pfam04542	TIGR02479
pfam02505	TIGR03260
pfam03118	TIGR02027
pfam02050	TIGR02473
pfam08245	TIGR04012
pfam09392	TIGR02497
pfam04127	TIGR00521
pfam01880	TIGR00320
pfam07882	TIGR01089
pfam01138	TIGR02065
pfam04996	TIGR03241
pfam07662	TIGR00804
pfam05173	TIGR00036
pfam13361	TIGR01073
pfam13361	TIGR01075
pfam00463	TIGR01346
pfam04983	TIGR02387
pfam04983	TIGR02386
pfam00684	TIGR02349
pfam04983	TIGR02388
pfam08502	TIGR00977
pfam00591	TIGR03327
pfam04223	TIGR01584
pfam02784	TIGR03099
pfam07977	TIGR01750
pfam13347	TIGR00792
pfam03466	TIGR03298
pfam01063	TIGR01122
pfam01063	TIGR01123
pfam04055	TIGR03972
pfam02223	TIGR00041
pfam00586	TIGR01735
pfam00586	TIGR01736
pfam00575	TIGR00448
pfam01266	TIGR03377
pfam02874	TIGR00962
pfam13650	TIGR02281
pfam04539	TIGR02941
pfam13186	TIGR04321
pfam00271	TIGR04095
pfam11104	TIGR01175
pfam01867	TIGR04093
pfam02357	TIGR00922
pfam01595	TIGR03520
pfam01266	TIGR02352
pfam00970	TIGR03224
pfam13394	TIGR03963
pfam13147	TIGR03178
pfam00687	TIGR01169
pfam11940	TIGR02414
pfam01386	TIGR00731
pfam00437	TIGR02788
pfam05013	TIGR02017
pfam00437	TIGR02782
pfam09484	TIGR02591
pfam00550	TIGR01688
pfam02350	TIGR00236
pfam02769	TIGR04049
pfam00215	TIGR03128
pfam05123	TIGR01564
pfam03852	TIGR00632
pfam02650	TIGR00647
pfam13604	TIGR01448
pfam06415	TIGR01307
pfam02552	TIGR00315
pfam13604	TIGR01447
pfam00180	TIGR02924
pfam02091	TIGR00388
pfam04998	TIGR02386
pfam10143	TIGR00306
pfam00929	TIGR00573
pfam00012	TIGR01991
pfam01656	TIGR00379
pfam00013	TIGR03665
pfam05362	TIGR00763
pfam05362	TIGR00764
pfam07216	TIGR02573
pfam02978	TIGR00959
pfam00583	TIGR04045
pfam09962	TIGR03833
pfam04675	TIGR00574
pfam01168	TIGR00044
pfam03841	TIGR00474
pfam01812	TIGR02727
pfam02776	TIGR03457
pfam02823	TIGR03166
pfam03781	TIGR04345
pfam12705	TIGR03623
pfam09602	TIGR02131
pfam00070	TIGR01292
pfam02518	TIGR01386
pfam04303	TIGR02334
pfam02517	TIGR03008
pfam14454	TIGR03738
pfam02627	TIGR04169
pfam10021	TIGR02452
pfam07883	TIGR02272
pfam04085	TIGR00219
pfam01969	TIGR00299
pfam01077	TIGR02066
pfam01077	TIGR02064
pfam13482	TIGR03491
pfam08402	TIGR03258
pfam03129	TIGR00418
pfam02879	TIGR01455
pfam01220	TIGR01088
pfam00180	TIGR00183
pfam00690	TIGR01517
pfam00203	TIGR01025
pfam02745	TIGR03256
pfam01769	TIGR00400
pfam12966	TIGR03165
pfam01814	TIGR00058
pfam00550	TIGR00517
pfam02749	TIGR01334
pfam13580	TIGR00441
pfam01717	TIGR01371
pfam03772	TIGR00360
pfam05709	TIGR01633
pfam13481	TIGR00416
pfam02390	TIGR00091
pfam09680	TIGR01732
pfam00072	TIGR01818
pfam02151	TIGR00631
pfam00221	TIGR03832
pfam01052	TIGR02551
pfam04952	TIGR02994
pfam02774	TIGR00978
pfam00691	TIGR04201
pfam00903	TIGR01263
pfam13378	TIGR01928
pfam06667	TIGR02976
pfam08497	TIGR03904
pfam05116	TIGR01485
pfam01078	TIGR00368
pfam01227	TIGR03139
pfam02954	TIGR01818
pfam02954	TIGR01817
pfam08281	TIGR02939
pfam01832	TIGR02541
pfam13500	TIGR00347
pfam02976	TIGR02248
pfam03673	TIGR00703
pfam00126	TIGR02036
pfam11898	TIGR01967
pfam02915	TIGR02029
pfam03061	TIGR02799
pfam00171	TIGR02518
pfam02878	TIGR01455
pfam07731	TIGR01480
pfam09548	TIGR02833
pfam00425	TIGR01815
pfam09476	TIGR02522
pfam07676	TIGR02800
pfam02733	TIGR02363
pfam01351	TIGR00716
pfam02733	TIGR02361
pfam10216	TIGR01964
pfam00483	TIGR02623
pfam01568	TIGR03479
pfam09664	TIGR02679
pfam00403	TIGR00003
pfam03099	TIGR00545
pfam09719	TIGR01909
pfam03483	TIGR00472
pfam02550	TIGR03458
pfam13242	TIGR00213
pfam01014	TIGR03383
pfam04211	TIGR01148
pfam00133	TIGR00392
pfam00133	TIGR00396
pfam04270	TIGR01363
pfam00266	TIGR03403
pfam00266	TIGR03402
pfam05201	TIGR01035
pfam03737	TIGR02798
pfam01061	TIGR03861
pfam02654	TIGR00317
pfam02912	TIGR00468
pfam03958	TIGR02515
pfam03958	TIGR02517
pfam03958	TIGR02516
pfam01578	TIGR03145
pfam01578	TIGR03144
pfam02113	TIGR00666
pfam04055	TIGR03904
pfam04055	TIGR03906
pfam01944	TIGR02831
pfam05342	TIGR04227
pfam06586	TIGR02756
pfam04107	TIGR03444
pfam13337	TIGR02688
pfam13994	TIGR03940
pfam06050	TIGR03190
pfam13579	TIGR02149
pfam02775	TIGR03297
pfam12697	TIGR01250
pfam03358	TIGR03566
pfam03616	TIGR00210
pfam01658	TIGR03450
pfam01594	TIGR02872
pfam03817	TIGR00807
pfam03222	TIGR00837
pfam00462	TIGR02200
pfam02873	TIGR00179
pfam01262	TIGR00561
pfam02861	TIGR02639
pfam07517	TIGR04221
pfam02261	TIGR00223
pfam03462	TIGR00020
pfam01592	TIGR02000
pfam04542	TIGR02393
pfam04542	TIGR02392
pfam02492	TIGR00073
pfam09583	TIGR02975
pfam00384	TIGR02164
pfam00384	TIGR02166
pfam04324	TIGR02374
pfam07992	TIGR03385
pfam13941	TIGR01319
pfam05336	TIGR02625
pfam11716	TIGR03086
pfam11716	TIGR03084
pfam00296	TIGR03612
pfam00296	TIGR03617
pfam00296	TIGR03619
pfam13507	TIGR01735
pfam13507	TIGR01737
pfam07724	TIGR00382
pfam03572	TIGR03900
pfam00849	TIGR00005
pfam07873	TIGR02856
pfam01593	TIGR03467
pfam03439	TIGR00405
pfam06745	TIGR03881
pfam06745	TIGR03880
pfam04166	TIGR00557
pfam07355	TIGR01917
pfam02785	TIGR00514
pfam07355	TIGR01918
pfam01077	TIGR02041
pfam01077	TIGR02042
pfam01316	TIGR01529
pfam03612	TIGR00825
pfam12838	TIGR01971
pfam02601	TIGR00237
pfam01849	TIGR00264
pfam00528	TIGR02140
pfam00171	TIGR03240
pfam05746	TIGR00456
pfam00202	TIGR01885
pfam04206	TIGR01113
pfam01259	TIGR02735
pfam01243	TIGR04110
pfam07732	TIGR01480
pfam00421	TIGR03039
pfam01546	TIGR01892
pfam02397	TIGR03022
pfam01040	TIGR01474
pfam11973	TIGR01936
pfam01546	TIGR01891
pfam07465	TIGR03053
pfam13710	TIGR00119
pfam09671	TIGR02728
pfam00128	TIGR02102
pfam00128	TIGR02100
pfam00128	TIGR03852
pfam00128	TIGR02104
pfam13147	TIGR03583
pfam02355	TIGR01129
pfam13353	TIGR02491
pfam02482	TIGR00741
pfam03139	TIGR02929
pfam01479	TIGR01018
pfam01479	TIGR01017
pfam07690	TIGR00890
pfam13192	TIGR03143
pfam09493	TIGR02450
pfam02410	TIGR00090
pfam00294	TIGR02152
pfam00005	TIGR01277
pfam00127	TIGR02375
pfam14189	TIGR03578
pfam06325	TIGR00406
pfam09712	TIGR01834
pfam03144	TIGR03680
pfam08281	TIGR02950
pfam01855	TIGR03336
pfam03841	TIGR01437
pfam04650	TIGR01168
pfam00122	TIGR01517
pfam00122	TIGR01512
pfam01370	TIGR04180
pfam00122	TIGR01511
pfam08281	TIGR02957
pfam02739	TIGR00593
pfam01649	TIGR00029
pfam00664	TIGR01193
pfam00664	TIGR01192
pfam00142	TIGR02016
pfam04560	TIGR02013
pfam13585	TIGR04131
pfam02971	TIGR02024
pfam05107	TIGR02590
pfam02784	TIGR01048
pfam13520	TIGR03813
pfam13520	TIGR03810
pfam09557	TIGR02271
pfam00158	TIGR02329
pfam00118	TIGR02342
pfam01087	TIGR01239
pfam01855	TIGR02176
pfam06013	TIGR03930
pfam00206	TIGR00839
pfam00206	TIGR00838
pfam03808	TIGR00696
pfam02436	TIGR01235
pfam01546	TIGR01910
pfam00460	TIGR02490
pfam02627	TIGR04030
pfam13519	TIGR02031
pfam00389	TIGR01327
pfam00289	TIGR02712
pfam01619	TIGR01238
pfam02572	TIGR00708
pfam00117	TIGR00337
pfam03802	TIGR03124
pfam00383	TIGR02571
pfam02378	TIGR02004
pfam02607	TIGR02082
pfam00793	TIGR01362
pfam07995	TIGR03606
pfam06744	TIGR03348
pfam00988	TIGR01368
pfam13558	TIGR00618
pfam04539	TIGR02980
pfam00346	TIGR01962
pfam04851	TIGR00348
pfam08753	TIGR02793
pfam02626	TIGR00724
pfam00730	TIGR01083
pfam14450	TIGR01174
pfam00009	TIGR00483
pfam00009	TIGR00487
pfam00009	TIGR00485
pfam00009	TIGR00484
pfam04185	TIGR03397
pfam04185	TIGR03396
pfam14122	TIGR03829
pfam09584	TIGR02979
pfam01926	TIGR03598
pfam01926	TIGR03597
pfam01926	TIGR03596
pfam01926	TIGR03595
pfam01926	TIGR03594
pfam09695	TIGR01626
pfam03222	TIGR00814
pfam01509	TIGR00431
pfam09221	TIGR03651
pfam09484	TIGR02556
pfam04030	TIGR01679
pfam04030	TIGR01678
pfam04545	TIGR02846
pfam02887	TIGR01064
pfam00202	TIGR00508
pfam02775	TIGR02720
pfam00285	TIGR01800
pfam00701	TIGR00683
pfam04324	TIGR03377
pfam01980	TIGR00104
pfam00072	TIGR02915
pfam07476	TIGR01502
pfam14456	TIGR03742
pfam00392	TIGR02325
pfam00156	TIGR01367
pfam01902	TIGR00290
pfam12611	TIGR02530
pfam08936	TIGR02701
pfam08769	TIGR02875
pfam03144	TIGR00487
pfam03144	TIGR00484
pfam03144	TIGR00485
pfam00474	TIGR02711
pfam03144	TIGR00483
pfam13280	TIGR03985
pfam13335	TIGR00368
pfam00497	TIGR03870
pfam00497	TIGR03871
pfam09850	TIGR03349
pfam00005	TIGR03258
pfam09885	TIGR03271
pfam05582	TIGR02855
pfam06857	TIGR01608
pfam09490	TIGR02458
pfam02033	TIGR00082
pfam13715	TIGR04056
pfam13715	TIGR04057
pfam00485	TIGR00554
pfam00106	TIGR02632
pfam03319	TIGR02703
pfam13538	TIGR01448
pfam00392	TIGR02812
pfam00111	TIGR02160
pfam13538	TIGR01447
pfam03853	TIGR00197
pfam00488	TIGR01070
pfam00725	TIGR02440
pfam12697	TIGR02427
pfam13177	TIGR02397
pfam01253	TIGR01158
pfam01899	TIGR00942
pfam02310	TIGR00640
pfam12399	TIGR03411
pfam09600	TIGR02112
pfam01930	TIGR00372
pfam09498	TIGR02448
pfam06463	TIGR02666
pfam06463	TIGR02668
pfam03465	TIGR03676
pfam08669	TIGR01372
pfam03372	TIGR03395
pfam09623	TIGR03642
pfam04545	TIGR02479
pfam00141	TIGR00198
pfam00456	TIGR00232
pfam00006	TIGR01039
pfam07836	TIGR03217
pfam01070	TIGR02151
pfam09365	TIGR02453
pfam00467	TIGR01080
pfam08362	TIGR03613
pfam00271	TIGR01389
pfam00773	TIGR02063
pfam00773	TIGR02062
pfam00977	TIGR03572
pfam00070	TIGR02374
pfam09482	TIGR02555
pfam00596	TIGR01086
pfam00254	TIGR03516
pfam08299	TIGR00362
pfam02771	TIGR03203
pfam13307	TIGR00604
pfam02771	TIGR03207
pfam09474	TIGR02502
pfam05721	TIGR02408
pfam01472	TIGR00451
pfam11692	TIGR03034
pfam04055	TIGR03942
pfam13977	TIGR03384
pfam03461	TIGR00580
pfam07498	TIGR00767
pfam01923	TIGR00636
pfam00773	TIGR00358
pfam00690	TIGR01116
pfam01058	TIGR00391
pfam00482	TIGR02120
pfam07110	TIGR02118
pfam07702	TIGR02325
pfam05107	TIGR01595
pfam06429	TIGR02492
pfam06429	TIGR02490
pfam02978	TIGR01425
pfam12696	TIGR03754
pfam02195	TIGR04285
pfam09529	TIGR02206
pfam00596	TIGR03328
pfam09651	TIGR02619
pfam00383	TIGR01354
pfam07715	TIGR01778
pfam07715	TIGR01776
pfam00848	TIGR03229
pfam00303	TIGR03283
pfam00303	TIGR03284
pfam02527	TIGR00138
pfam00294	TIGR03168
pfam08240	TIGR03366
pfam03787	TIGR01899
pfam03787	TIGR01898
pfam00201	TIGR01426
pfam01070	TIGR03966
pfam14116	TIGR04129
pfam04403	TIGR00155
pfam02618	TIGR00247
pfam05124	TIGR01564
pfam11266	TIGR04059
pfam03793	TIGR02214
pfam07687	TIGR01246
pfam12710	TIGR01545
pfam13478	TIGR02964
pfam09622	TIGR02587
pfam03465	TIGR00111
pfam03219	TIGR00769
pfam03840	TIGR00810
pfam03464	TIGR00111
pfam00027	TIGR03697
pfam05889	TIGR03531
pfam12831	TIGR01372
pfam06050	TIGR02260
pfam05188	TIGR01070
pfam00009	TIGR01393
pfam00669	TIGR02550
pfam13155	TIGR00646
pfam02378	TIGR01998
pfam02378	TIGR01996
pfam02378	TIGR01995
pfam02378	TIGR01992
pfam02779	TIGR00232
pfam03459	TIGR00638
pfam01799	TIGR03193
pfam03881	TIGR04294
pfam08343	TIGR04170
pfam13147	TIGR01224
pfam00271	TIGR04121
pfam09700	TIGR01888
pfam03600	TIGR00784
pfam01912	TIGR00323
pfam07475	TIGR00679
pfam02747	TIGR00590
pfam00890	TIGR01816
pfam00890	TIGR01811
pfam00890	TIGR01813
pfam00890	TIGR01812
pfam08264	TIGR00392
pfam00364	TIGR00531
pfam08264	TIGR00396
pfam08264	TIGR00395
pfam00905	TIGR02074
pfam00905	TIGR02071
pfam00905	TIGR02073
pfam07862	TIGR03798
pfam00848	TIGR03228
pfam00111	TIGR01941
pfam02729	TIGR00670
pfam00483	TIGR01479
pfam04539	TIGR02394
pfam04539	TIGR02393
pfam00082	TIGR03895
pfam03598	TIGR00316
pfam13193	TIGR02316
pfam01751	TIGR00334
pfam01208	TIGR01463
pfam14001	TIGR03318
pfam07873	TIGR02892
pfam01799	TIGR02963
pfam00702	TIGR01116
pfam03199	TIGR01986
pfam12826	TIGR00575
pfam02885	TIGR02643
pfam02885	TIGR02645
pfam02885	TIGR02644
pfam01507	TIGR00424
pfam04997	TIGR02390
pfam00580	TIGR00609
pfam02086	TIGR00571
pfam02567	TIGR00654
pfam07702	TIGR02404
pfam00494	TIGR01559
pfam00449	TIGR01792
pfam13502	TIGR02099
pfam02594	TIGR00251
pfam10531	TIGR01959
pfam04542	TIGR02997
pfam00691	TIGR02802
pfam03308	TIGR00750
pfam00501	TIGR01734
pfam00501	TIGR01733
pfam04055	TIGR01212
pfam12367	TIGR02177
pfam04055	TIGR01211
pfam01411	TIGR03683
pfam02776	TIGR02418
pfam13948	TIGR02232
pfam00016	TIGR03326
pfam04175	TIGR00743
pfam02491	TIGR01174
pfam00733	TIGR01536
pfam00958	TIGR00884
pfam01043	TIGR00963
pfam00958	TIGR00888
pfam03060	TIGR03151
pfam13614	TIGR03018
pfam09344	TIGR01869
pfam00384	TIGR01580
pfam00378	TIGR03222
pfam00589	TIGR02249
pfam02880	TIGR01455
pfam01228	TIGR04365
pfam04650	TIGR03657
pfam00764	TIGR00032
pfam00462	TIGR02181
pfam00462	TIGR02180
pfam00462	TIGR02183
pfam02767	TIGR00663
pfam00534	TIGR03449
pfam00416	TIGR03631
pfam12391	TIGR02422
pfam09577	TIGR02878
pfam00977	TIGR00734
pfam12850	TIGR00040
pfam10620	TIGR03135
pfam00550	TIGR01720
pfam08281	TIGR02954
pfam00006	TIGR00767
pfam08281	TIGR02959
pfam02441	TIGR02852
pfam04918	TIGR04092
pfam03965	TIGR02698
pfam12991	TIGR03783
pfam01189	TIGR00563
pfam06564	TIGR03371
pfam00109	TIGR03150
pfam02951	TIGR01380
pfam13479	TIGR01618
pfam13458	TIGR03669
pfam00140	TIGR02937
pfam13183	TIGR03379
pfam08544	TIGR00549
pfam03601	TIGR00698
pfam00920	TIGR00110
pfam01433	TIGR02412
pfam01433	TIGR02411
pfam01433	TIGR02414
pfam02744	TIGR00209
pfam04459	TIGR03278
pfam01171	TIGR00269
pfam02852	TIGR01350
pfam01188	TIGR01927
pfam09535	TIGR02264
pfam01288	TIGR01498
pfam04029	TIGR00298
pfam06199	TIGR02126
pfam01668	TIGR00086
pfam00384	TIGR02693
pfam00440	TIGR03613
pfam04055	TIGR03962
pfam04055	TIGR03963
pfam04055	TIGR03960
pfam04055	TIGR03961
pfam00701	TIGR02313
pfam00460	TIGR03506
pfam07972	TIGR00333
pfam01311	TIGR01401
pfam01311	TIGR01400
pfam04607	TIGR00691
pfam02779	TIGR00239
pfam03372	TIGR00195
pfam01593	TIGR00562
pfam01018	TIGR03595
pfam04263	TIGR01378
pfam13728	TIGR02740
pfam00528	TIGR01726
pfam00367	TIGR00826
pfam01300	TIGR00057
pfam03524	TIGR02781
pfam04055	TIGR00433
pfam02355	TIGR00916
pfam07992	TIGR01316
pfam07992	TIGR01317
pfam00793	TIGR00034
pfam02445	TIGR00550
pfam00749	TIGR00440
pfam04551	TIGR00612
pfam13419	TIGR01454
pfam13768	TIGR03788
pfam01967	TIGR00581
pfam00689	TIGR01523
pfam00689	TIGR01522
pfam07968	TIGR01002
pfam03390	TIGR00783
pfam08222	TIGR02787
pfam02142	TIGR00355
pfam03255	TIGR00513
pfam03167	TIGR04274
pfam11791	TIGR00117
pfam04545	TIGR02885
pfam00291	TIGR01415
pfam01575	TIGR02278
pfam04055	TIGR03365
pfam01274	TIGR01344
pfam01274	TIGR01345
pfam01706	TIGR00207
pfam01869	TIGR02259
pfam00005	TIGR03411
pfam13641	TIGR03030
pfam00425	TIGR03494
pfam09334	TIGR00399
pfam09334	TIGR00398
pfam02775	TIGR03457
pfam12838	TIGR02176
pfam00929	TIGR01406
pfam00929	TIGR01405
pfam00682	TIGR02146
pfam14028	TIGR03891
pfam13419	TIGR03351
pfam02729	TIGR00658
pfam07650	TIGR01009
pfam07650	TIGR01008
pfam06968	TIGR02351
pfam00126	TIGR02424
pfam13086	TIGR00376
pfam05239	TIGR02888
pfam01676	TIGR02535
pfam01966	TIGR03401
pfam03013	TIGR02328
pfam00586	TIGR03267
pfam06511	TIGR02553
pfam02878	TIGR01132
pfam01565	TIGR01678
pfam01568	TIGR01591
pfam01041	TIGR04181
pfam01479	TIGR03069
pfam02675	TIGR03331
pfam02675	TIGR03330
pfam05506	TIGR03396
pfam00309	TIGR02395
pfam00175	TIGR01931
pfam01177	TIGR02990
pfam09710	TIGR01781
pfam01066	TIGR04217
pfam01266	TIGR03197
pfam00005	TIGR02211
pfam00198	TIGR02927
pfam05105	TIGR01593
pfam01312	TIGR01404
pfam00333	TIGR01020
pfam00333	TIGR01021
pfam00479	TIGR00871
pfam06969	TIGR00538
pfam00006	TIGR00962
pfam00472	TIGR00020
pfam00171	TIGR03374
pfam04205	TIGR01947
pfam00367	TIGR02003
pfam00367	TIGR02004
pfam00367	TIGR02005
pfam01507	TIGR00434
pfam00330	TIGR02086
pfam00330	TIGR02083
pfam01963	TIGR00261
pfam00224	TIGR01064
pfam02397	TIGR03013
pfam04055	TIGR04078
pfam13165	TIGR03973
pfam04313	TIGR00348
pfam03180	TIGR00363
pfam02028	TIGR00842
pfam00830	TIGR00009
pfam00009	TIGR00503
pfam00474	TIGR02119
pfam02274	TIGR01078
pfam00589	TIGR02224
pfam00589	TIGR02225
pfam02256	TIGR02512
pfam02374	TIGR04291
pfam00999	TIGR00831
pfam01468	TIGR04264
pfam04354	TIGR02205
pfam09582	TIGR02940
pfam00550	TIGR01746
pfam00126	TIGR03298
pfam02441	TIGR02699
pfam01894	TIGR00149
pfam01497	TIGR03868
pfam00180	TIGR02089
pfam00180	TIGR02088
pfam00586	TIGR00476
pfam00771	TIGR01398
pfam00771	TIGR01399
pfam00343	TIGR02093
pfam00899	TIGR03736
pfam09677	TIGR02744
pfam01250	TIGR00166
pfam04295	TIGR03248
pfam00571	TIGR00400
pfam13249	TIGR01507
pfam01119	TIGR00585
pfam03150	TIGR03791
pfam02613	TIGR03482
pfam00814	TIGR03723
pfam08443	TIGR02144
pfam03176	TIGR00833
pfam02195	TIGR03454
pfam00291	TIGR01274
pfam00291	TIGR01275
pfam00356	TIGR02417
pfam09477	TIGR02508
pfam13147	TIGR02318
pfam02548	TIGR00222
pfam02679	TIGR03849
pfam13144	TIGR03170
pfam01281	TIGR00158
pfam04055	TIGR00048
pfam00919	TIGR01578
pfam00919	TIGR01579
pfam02684	TIGR00215
pfam01515	TIGR02706
pfam02801	TIGR02813
pfam01948	TIGR00240
pfam03630	TIGR00555
pfam12706	TIGR03307
pfam00288	TIGR01220
pfam10143	TIGR02535
pfam09339	TIGR02431
pfam09383	TIGR02314
pfam01258	TIGR02419
pfam05102	TIGR01606
pfam03007	TIGR02946
pfam10432	TIGR02128
pfam02302	TIGR01427
pfam02874	TIGR01039
pfam09502	TIGR02560
pfam10060	TIGR03662
pfam05761	TIGR02244
pfam07969	TIGR03121
pfam08669	TIGR00528
pfam00475	TIGR01261
pfam05721	TIGR01762
pfam10987	TIGR03899
pfam04587	TIGR02045
pfam12670	TIGR04086
pfam00586	TIGR04050
pfam00749	TIGR00463
pfam00749	TIGR00464
pfam00266	TIGR03301
pfam00106	TIGR03325
pfam02508	TIGR01939
pfam03818	TIGR00808
pfam05189	TIGR03399
pfam03968	TIGR03002
pfam03463	TIGR00111
pfam01248	TIGR03677
pfam01043	TIGR03714
pfam00496	TIGR02294
pfam06827	TIGR00577
pfam00903	TIGR02295
pfam12710	TIGR02137
pfam03812	TIGR00793
pfam00149	TIGR01390
pfam03948	TIGR00158
pfam00528	TIGR03255
pfam05151	TIGR03038
pfam12698	TIGR03062
pfam09489	TIGR02459
pfam00534	TIGR04063
pfam00263	TIGR02520
pfam02867	TIGR04170
pfam07831	TIGR02645
pfam07831	TIGR02644
pfam07831	TIGR02643
pfam02474	TIGR04245
pfam01026	TIGR00010
pfam02866	TIGR01763
pfam09347	TIGR03424
pfam09347	TIGR03425
pfam00296	TIGR04027
pfam00296	TIGR04021
pfam00296	TIGR04020
pfam00583	TIGR03103
pfam02768	TIGR00663
pfam08544	TIGR00191
pfam00270	TIGR01389
pfam01261	TIGR00587
pfam00108	TIGR02430
pfam09721	TIGR02602
pfam00528	TIGR01097
pfam02133	TIGR00800
pfam00682	TIGR03217
pfam13558	TIGR02680
pfam08014	TIGR02421
pfam06470	TIGR02169
pfam04024	TIGR02978
pfam07687	TIGR01910
pfam01451	TIGR02691
pfam00512	TIGR03785
pfam07733	TIGR00594
pfam13575	TIGR03897
pfam01784	TIGR00486
pfam02624	TIGR03549
pfam00006	TIGR02546
pfam03116	TIGR01937
pfam04055	TIGR04163
pfam05100	TIGR01600
pfam04055	TIGR04167
pfam14272	TIGR03577
pfam00128	TIGR02456
pfam04851	TIGR00603
pfam00296	TIGR03841
pfam00296	TIGR03842
pfam13714	TIGR02317
pfam13714	TIGR02319
pfam01047	TIGR01889
pfam01866	TIGR00322
pfam00296	TIGR03885
pfam01137	TIGR03399
pfam01473	TIGR04035
pfam00939	TIGR00785
pfam11987	TIGR00487
pfam04545	TIGR02980
pfam06745	TIGR02655
pfam04542	TIGR02846
pfam12693	TIGR01709
pfam02378	TIGR00410
pfam12833	TIGR02297
pfam03450	TIGR03312
pfam00587	TIGR02367
pfam13450	TIGR02730
pfam00232	TIGR03356
pfam01583	TIGR00455
pfam00005	TIGR00630
pfam01367	TIGR00593
pfam10431	TIGR02639
pfam01176	TIGR00523
pfam00155	TIGR03801
pfam00994	TIGR00200
pfam08340	TIGR00255
pfam00107	TIGR01202
pfam01168	TIGR00492
pfam01370	TIGR01181
pfam00106	TIGR03971
pfam01817	TIGR01806
pfam01817	TIGR01807
pfam01817	TIGR01805
pfam01817	TIGR01803
pfam01817	TIGR01801
pfam01817	TIGR01808
pfam03102	TIGR03569
pfam00623	TIGR02386
pfam00623	TIGR02387
pfam00275	TIGR01072
pfam00668	TIGR01720
pfam00919	TIGR01125
pfam06397	TIGR00319
pfam09699	TIGR03508
pfam00696	TIGR01890
pfam00121	TIGR00419
pfam00128	TIGR01515
pfam01987	TIGR00266
pfam01636	TIGR02721
pfam00156	TIGR01091
pfam00132	TIGR04008
pfam13091	TIGR04265
pfam03726	TIGR03591
pfam12700	TIGR01730
pfam04257	TIGR01450
pfam09665	TIGR02986
pfam01783	TIGR01031
pfam00572	TIGR01066
pfam01795	TIGR00006
pfam00370	TIGR01312
pfam00370	TIGR01311
pfam13328	TIGR00691
pfam00370	TIGR01315
pfam00370	TIGR01314
pfam04563	TIGR02013
pfam09392	TIGR02105
pfam02769	TIGR03267
pfam02405	TIGR00056
pfam00593	TIGR04056
pfam00593	TIGR04057
pfam07736	TIGR01796
pfam13581	TIGR01924
pfam13581	TIGR01925
pfam00177	TIGR01028
pfam00177	TIGR01029
pfam11009	TIGR04019
pfam02748	TIGR00240
pfam09658	TIGR02671
pfam10415	TIGR00979
pfam00204	TIGR01059
pfam13192	TIGR00411
pfam13192	TIGR00412
pfam07992	TIGR01350
pfam00204	TIGR01055
pfam00293	TIGR00052
pfam08029	TIGR03455
pfam09377	TIGR00291
pfam01512	TIGR01959
pfam02687	TIGR02212
pfam02687	TIGR02213
pfam02401	TIGR00216
pfam08053	TIGR02616
pfam13490	TIGR02949
pfam00448	TIGR00064
pfam00118	TIGR02343
pfam07973	TIGR00344
pfam09709	TIGR01863
pfam01118	TIGR01851
pfam01118	TIGR01850
pfam00115	TIGR02882
pfam09754	TIGR00162
pfam09754	TIGR00161
pfam04014	TIGR02851
pfam02741	TIGR03119
pfam01197	TIGR00105
pfam01791	TIGR01949
pfam00118	TIGR02344
pfam06894	TIGR01674
pfam13394	TIGR04349
pfam04076	TIGR00156
pfam00119	TIGR01131
pfam00561	TIGR01392
pfam01118	TIGR00978
pfam08544	TIGR01220
pfam01138	TIGR01966
pfam00313	TIGR02381
pfam01758	TIGR00832
pfam01048	TIGR03468
pfam00534	TIGR04047
pfam02783	TIGR03257
pfam13532	TIGR00568
pfam02910	TIGR01816
pfam02910	TIGR01812
pfam02910	TIGR01811
pfam01916	TIGR00321
pfam03186	TIGR00380
pfam08207	TIGR02178
pfam03143	TIGR00231
pfam01182	TIGR00502
pfam14397	TIGR02291
pfam05635	TIGR04258
pfam00300	TIGR03848
pfam03313	TIGR00718
pfam01750	TIGR00072
pfam00672	TIGR03785
pfam04127	TIGR02114
pfam03977	TIGR01109
pfam01873	TIGR00311
pfam02441	TIGR00521
pfam00083	TIGR00879
pfam04055	TIGR04003
pfam02706	TIGR01006
pfam02706	TIGR01005
pfam01228	TIGR01774
pfam11612	TIGR01711
pfam04717	TIGR01646
pfam00664	TIGR02857
pfam00318	TIGR01011
pfam13950	TIGR01179
pfam00662	TIGR01974
pfam08546	TIGR00745
pfam04055	TIGR04148
pfam07516	TIGR03714
pfam03446	TIGR01505
pfam12849	TIGR02136
pfam01370	TIGR01777
pfam05724	TIGR03840
pfam02913	TIGR00387
pfam01138	TIGR02696
pfam01565	TIGR00387
pfam02518	TIGR02966
pfam02803	TIGR01930
pfam02152	TIGR00526
pfam02152	TIGR00525
pfam00009	TIGR02034
pfam04216	TIGR01562
pfam00521	TIGR01061
pfam00521	TIGR01063
pfam00521	TIGR01062
pfam13353	TIGR04054
pfam08529	TIGR01953
pfam13519	TIGR03436
pfam00365	TIGR02477
pfam01087	TIGR00209
pfam00291	TIGR00263
pfam00291	TIGR00260
pfam00365	TIGR02478
pfam00583	TIGR02406
pfam02322	TIGR00203
pfam01135	TIGR04188
pfam01243	TIGR04023
pfam02599	TIGR00202
pfam09025	TIGR02509
pfam01008	TIGR00512
pfam01008	TIGR00511
pfam13535	TIGR03909
pfam00575	TIGR03591
pfam09686	TIGR01690
pfam04896	TIGR03078
pfam02899	TIGR02224
pfam00459	TIGR01330
pfam03367	TIGR00310
pfam01905	TIGR03489
pfam08545	TIGR00747
pfam03551	TIGR03433
pfam09599	TIGR02101
pfam13520	TIGR03428
pfam11190	TIGR03745
pfam13419	TIGR02253
pfam00367	TIGR02002
pfam13361	TIGR00609
pfam00800	TIGR01797
pfam01634	TIGR00070
pfam06808	TIGR02123
pfam01048	TIGR00107
pfam01242	TIGR03367
pfam02775	TIGR02177
pfam02775	TIGR02176
pfam03446	TIGR01692
pfam12973	TIGR02451
pfam09721	TIGR03109
pfam00149	TIGR01530
pfam03241	TIGR02310
pfam00775	TIGR02439
pfam02786	TIGR02712
pfam03917	TIGR01986
pfam02910	TIGR01176
pfam06026	TIGR00021
pfam10140	TIGR03926
pfam00512	TIGR01386
pfam07934	TIGR00588
pfam01656	TIGR01968
pfam01656	TIGR01969
pfam00070	TIGR01424
pfam00528	TIGR02790
pfam00133	TIGR00422
pfam08442	TIGR01016
pfam00070	TIGR01421
pfam00148	TIGR01282
pfam00148	TIGR01283
pfam00148	TIGR01286
pfam00148	TIGR01284
pfam00148	TIGR01285
pfam09098	TIGR03908
pfam01557	TIGR03218
pfam00710	TIGR00520
pfam12848	TIGR03719
pfam00583	TIGR01575
pfam02782	TIGR01234
pfam00664	TIGR02203
pfam13531	TIGR03730
pfam00664	TIGR03796
pfam01238	TIGR00218
pfam03744	TIGR01204
pfam06968	TIGR00433
pfam04172	TIGR00659
pfam00034	TIGR02603
pfam00070	TIGR03143
pfam13562	TIGR03991
pfam02901	TIGR01255
pfam00575	TIGR00717
pfam13344	TIGR01459
pfam13344	TIGR01458
pfam13344	TIGR01457
pfam04958	TIGR03244
pfam04958	TIGR03243
pfam13344	TIGR01452
pfam11946	TIGR03470
pfam03575	TIGR02069
pfam01931	TIGR00258
pfam00425	TIGR00543
pfam13742	TIGR00237
pfam00180	TIGR00175
pfam01242	TIGR03112
pfam11783	TIGR04315
pfam02568	TIGR00342
pfam00278	TIGR01273
pfam00175	TIGR02160
pfam09137	TIGR01535
pfam07167	TIGR01838
pfam08218	TIGR00124
pfam13247	TIGR02951
pfam03653	TIGR00701
pfam03846	TIGR00623
pfam00188	TIGR02909
pfam00070	TIGR03452
pfam04545	TIGR02392
pfam04545	TIGR02393
pfam04545	TIGR02394
pfam00106	TIGR01963
pfam03437	TIGR00259
pfam04055	TIGR03470
pfam04055	TIGR03471
pfam02881	TIGR00959
pfam01019	TIGR00066
pfam13193	TIGR03208
pfam02627	TIGR02425
pfam00535	TIGR04182
pfam00171	TIGR02278
pfam00155	TIGR01141
pfam00155	TIGR01140
pfam13535	TIGR03103
pfam02310	TIGR02370
pfam00437	TIGR02538
pfam05958	TIGR02085
pfam00437	TIGR02533
pfam09643	TIGR01671
pfam01177	TIGR00067
pfam01235	TIGR00835
pfam13495	TIGR02249
pfam01884	TIGR04146
pfam01884	TIGR04147
pfam00815	TIGR00069
pfam12327	TIGR03483
pfam08541	TIGR00748
pfam12704	TIGR03434
pfam08541	TIGR00747
pfam05048	TIGR04247
pfam02737	TIGR02440
pfam04650	TIGR04308
pfam04055	TIGR01290
pfam00550	TIGR02813
pfam08501	TIGR00507
pfam09617	TIGR02570
pfam04278	TIGR00995
pfam00285	TIGR01793
pfam00285	TIGR01798
pfam02906	TIGR02512
pfam02774	TIGR01296
pfam09661	TIGR02678
pfam05954	TIGR03361
pfam00190	TIGR03404
pfam01810	TIGR00949
pfam01810	TIGR00948
pfam03315	TIGR00719
pfam00358	TIGR00830
pfam13361	TIGR01074
pfam10503	TIGR01840
pfam00115	TIGR00780
pfam00899	TIGR02356
pfam00005	TIGR01727
pfam00899	TIGR02355
pfam01243	TIGR03618
pfam03599	TIGR00381
pfam08331	TIGR00276
pfam02357	TIGR01955
pfam01813	TIGR00309
pfam07178	TIGR02762
pfam02666	TIGR00164
pfam01503	TIGR03188
pfam02666	TIGR00163
pfam00593	TIGR01783
pfam00593	TIGR01782
pfam00593	TIGR01786
pfam00593	TIGR01785
pfam01883	TIGR03406
pfam01943	TIGR02900
pfam04545	TIGR02941
pfam01048	TIGR01699
pfam01048	TIGR01698
pfam01370	TIGR02622
pfam01048	TIGR01697
pfam00849	TIGR01621
pfam01048	TIGR01694
pfam00912	TIGR02074
pfam13378	TIGR02534
pfam01048	TIGR01719
pfam00912	TIGR02071
pfam00912	TIGR02070
pfam00912	TIGR02073
pfam00828	TIGR01071
pfam02463	TIGR02168
pfam02463	TIGR02169
pfam01558	TIGR03710
pfam07580	TIGR04227
pfam00271	TIGR00631
pfam02561	TIGR00208
pfam04669	TIGR01627
pfam00005	TIGR02633
pfam00189	TIGR01009
pfam00189	TIGR01008
pfam02653	TIGR03622
pfam08443	TIGR04184
pfam07503	TIGR00143
pfam04408	TIGR01967
pfam00676	TIGR03181
pfam06067	TIGR03299
pfam00278	TIGR01047
pfam01408	TIGR01761
pfam13603	TIGR00396
pfam04055	TIGR01579
pfam04055	TIGR01578
pfam04055	TIGR01574
pfam00278	TIGR01048
pfam13720	TIGR01852
pfam10113	TIGR03958
pfam03466	TIGR03418
pfam14394	TIGR02147
pfam00291	TIGR01127
pfam00291	TIGR01124
pfam00535	TIGR04242
pfam08282	TIGR02463
pfam08282	TIGR02461
pfam13425	TIGR03097
pfam06023	TIGR01896
pfam03544	TIGR01352
pfam10531	TIGR03028
pfam04087	TIGR00271
pfam00573	TIGR03953
pfam01960	TIGR00120
pfam00421	TIGR01153
pfam03695	TIGR02292
pfam07840	TIGR02812
pfam09534	TIGR02234
pfam03717	TIGR03423
pfam00120	TIGR03105
pfam00005	TIGR03375
pfam03144	TIGR00231
pfam04744	TIGR03079
pfam05958	TIGR02143
pfam01966	TIGR03319
pfam06841	TIGR02241
pfam06996	TIGR03347
pfam03876	TIGR00448
pfam09704	TIGR01876
pfam12974	TIGR03431
pfam09523	TIGR02444
pfam03603	TIGR00664
pfam00885	TIGR00114
pfam01648	TIGR00516
pfam13535	TIGR02068
pfam13186	TIGR04080
pfam13186	TIGR04083
pfam02749	TIGR00078
pfam00664	TIGR01846
pfam02302	TIGR00829
pfam00587	TIGR00418
pfam00587	TIGR00415
pfam00587	TIGR00414
pfam13921	TIGR02894
pfam12508	TIGR03779
pfam01287	TIGR00037
pfam00270	TIGR04121
pfam03776	TIGR01215
pfam13277	TIGR00282
pfam04715	TIGR01815
pfam12556	TIGR01650
pfam01063	TIGR01121
pfam00534	TIGR02095
pfam09527	TIGR02230
pfam03967	TIGR01150
pfam10103	TIGR03883
pfam00425	TIGR00564
pfam00425	TIGR00565
pfam02637	TIGR00133
pfam02637	TIGR00134
pfam00723	TIGR01535
pfam08502	TIGR00970
pfam08502	TIGR00973
pfam03550	TIGR00548
pfam10423	TIGR01717
pfam09511	TIGR02308
pfam13414	TIGR02917
pfam01565	TIGR00179
pfam01568	TIGR02166
pfam00438	TIGR01034
pfam00155	TIGR03540
pfam12345	TIGR04167
pfam00501	TIGR03098
pfam00358	TIGR01995
pfam05521	TIGR01563
pfam08870	TIGR03184
pfam02780	TIGR00204
pfam00069	TIGR03903
pfam02954	TIGR02329
pfam00534	TIGR04007
pfam00534	TIGR04005
pfam03946	TIGR01632
pfam01189	TIGR00446
pfam01636	TIGR00938
pfam00231	TIGR03323
pfam13566	TIGR03915
pfam09721	TIGR04124
pfam09721	TIGR04125
pfam03466	TIGR03339
pfam07238	TIGR02266
pfam02361	TIGR02454
pfam01699	TIGR00367
pfam05309	TIGR02761
pfam12838	TIGR03048
pfam02580	TIGR00256
pfam06202	TIGR01561
pfam00271	TIGR01970
pfam02416	TIGR01411
pfam08544	TIGR00131
pfam02775	TIGR02418
pfam02585	TIGR04000
pfam02585	TIGR04001
pfam01155	TIGR00100
pfam02154	TIGR01397
pfam07690	TIGR02332
pfam01921	TIGR00467
pfam00528	TIGR02141
pfam00986	TIGR01055
pfam01546	TIGR01893
pfam01867	TIGR03983
pfam00474	TIGR03648
pfam02492	TIGR00101
pfam13353	TIGR02493
pfam13353	TIGR02494
pfam00902	TIGR01912
pfam00237	TIGR01038
pfam03358	TIGR01755
pfam00005	TIGR03740
pfam04055	TIGR04041
pfam04055	TIGR04043
pfam01257	TIGR01958
pfam04055	TIGR04100
pfam04055	TIGR04103
pfam00730	TIGR00588
pfam04055	TIGR04107
pfam00986	TIGR01058
pfam04444	TIGR02439
pfam04444	TIGR02438
pfam00588	TIGR00186
pfam00588	TIGR00185
pfam09585	TIGR02058
pfam04851	TIGR00631
pfam02592	TIGR00697
pfam12730	TIGR03732
pfam12730	TIGR03733
pfam02502	TIGR00689
pfam02634	TIGR00129
pfam03706	TIGR00374
pfam07690	TIGR00903
pfam07690	TIGR00901
pfam13480	TIGR03019
pfam04107	TIGR01436
pfam00746	TIGR03657
pfam01029	TIGR00563
pfam02082	TIGR02010
pfam04952	TIGR03242
pfam13393	TIGR00443
pfam13393	TIGR00442
pfam00044	TIGR01546
pfam03767	TIGR01533
pfam04998	TIGR02390
pfam00306	TIGR01040
pfam00306	TIGR01041
pfam00306	TIGR01042
pfam00306	TIGR01043
pfam07702	TIGR03337
pfam09559	TIGR02807
pfam01207	TIGR00737
pfam05222	TIGR00518
pfam03099	TIGR00214
pfam08323	TIGR02095
pfam14331	TIGR03348
pfam00271	TIGR00614
pfam03460	TIGR02912
pfam02629	TIGR01019
pfam03787	TIGR03986
pfam00708	TIGR00143
pfam00392	TIGR02404
pfam08042	TIGR02107
pfam14349	TIGR04189
pfam09682	TIGR01673
pfam00136	TIGR00592
pfam03725	TIGR01966
pfam08173	TIGR02106
pfam01172	TIGR00291
pfam00528	TIGR00974
pfam00772	TIGR03600
pfam01546	TIGR01902
pfam03787	TIGR02580
pfam03787	TIGR02581
pfam03787	TIGR02582
pfam00293	TIGR02705
pfam03537	TIGR01370
pfam00149	TIGR00668
pfam00753	TIGR00649
pfam01261	TIGR00542
pfam02558	TIGR00745
pfam00557	TIGR00500
pfam00557	TIGR00501
pfam13237	TIGR00403
pfam13437	TIGR01000
pfam08345	TIGR00206
pfam03641	TIGR00730
pfam00440	TIGR02366
pfam08503	TIGR03532
pfam00441	TIGR03204
pfam00441	TIGR03207
pfam00441	TIGR03203
pfam02624	TIGR03266
pfam01702	TIGR00430
pfam01702	TIGR00432
pfam01709	TIGR01033
pfam00027	TIGR03896
pfam00294	TIGR03828
pfam00982	TIGR02400
pfam00550	TIGR02353
pfam00512	TIGR02956
pfam00251	TIGR01322
pfam01632	TIGR00001
pfam03952	TIGR01060
pfam06429	TIGR03506
pfam12697	TIGR03056
pfam04002	TIGR00608
pfam13807	TIGR01005
pfam01263	TIGR02636
pfam00202	TIGR03246
pfam00670	TIGR00936
pfam01370	TIGR01472
pfam03167	TIGR00758
pfam13394	TIGR04269
pfam14102	TIGR04011
pfam00329	TIGR01961
pfam03331	TIGR00325
pfam00627	TIGR00116
pfam00941	TIGR02963
pfam03918	TIGR03147
pfam02787	TIGR01369
pfam00148	TIGR01862
pfam02911	TIGR00460
pfam00132	TIGR01173
pfam00132	TIGR01172
pfam01070	TIGR02708
pfam02744	TIGR01239
pfam02706	TIGR03017
pfam00411	TIGR03628
pfam08211	TIGR01355
pfam09721	TIGR04144
pfam02874	TIGR03305
pfam02130	TIGR00043
pfam00867	TIGR03674
pfam00132	TIGR03992
pfam01977	TIGR03701
pfam00072	TIGR02956
pfam03972	TIGR02330
pfam01507	TIGR02057
pfam01507	TIGR02055
pfam13186	TIGR02109
pfam03706	TIGR03476
pfam00070	TIGR03140
pfam01043	TIGR04221
pfam01188	TIGR03247
pfam00696	TIGR00761
pfam00902	TIGR00945
pfam00919	TIGR01574
pfam12697	TIGR03611
pfam07549	TIGR01129
pfam00205	TIGR03457
pfam00679	TIGR00490
pfam01040	TIGR02235
pfam01546	TIGR01879
pfam04055	TIGR04064
pfam04531	TIGR01598
pfam04055	TIGR04068
pfam03006	TIGR01065
pfam00291	TIGR03844
pfam02195	TIGR03734
pfam00814	TIGR00329
pfam01895	TIGR02135
pfam02075	TIGR00228
pfam09349	TIGR03164
pfam13460	TIGR03649
pfam01330	TIGR00084
pfam01913	TIGR03119
pfam01680	TIGR00343
pfam13515	TIGR01666
pfam13515	TIGR01667
pfam00977	TIGR01919
pfam00056	TIGR01759
pfam00056	TIGR01757
pfam01084	TIGR00165
pfam13657	TIGR03071
pfam01874	TIGR03132
pfam03595	TIGR00816
pfam00682	TIGR01108
pfam04259	TIGR01442
pfam02852	TIGR01438
pfam04055	TIGR03550
pfam00690	TIGR01647
pfam02386	TIGR00933
pfam13510	TIGR02512
pfam00953	TIGR00445
pfam00005	TIGR02673
pfam05513	TIGR02758
pfam03814	TIGR00680
pfam07228	TIGR02865
pfam00152	TIGR00457
pfam00152	TIGR00459
pfam00152	TIGR00458
pfam07584	TIGR02226
pfam12116	TIGR02844
pfam04055	TIGR03551
pfam05128	TIGR01620
pfam07511	TIGR03757
pfam09721	TIGR04178
pfam05834	TIGR01790
pfam00425	TIGR01824
pfam08240	TIGR02824
pfam00480	TIGR00744
pfam08240	TIGR02822
pfam08240	TIGR02823
pfam06826	TIGR01625
pfam04560	TIGR03670
pfam07549	TIGR00916
pfam04405	TIGR03652
pfam05973	TIGR02683
pfam08402	TIGR01187
pfam02687	TIGR01185
pfam13394	TIGR04115
pfam03594	TIGR00843
pfam04860	TIGR01540
pfam00677	TIGR00187
pfam03553	TIGR00931
pfam01205	TIGR00257
pfam10509	TIGR00131
pfam05402	TIGR03859
pfam01113	TIGR02130
pfam01521	TIGR03341
pfam09512	TIGR02359
pfam11658	TIGR03368
pfam01042	TIGR03610
pfam00440	TIGR03968
pfam07973	TIGR00418
pfam01568	TIGR01706
pfam02867	TIGR02510
pfam13520	TIGR00905
pfam01568	TIGR01701
pfam13520	TIGR00908
pfam13520	TIGR00909
pfam03147	TIGR00472
pfam00296	TIGR03854
pfam00005	TIGR02315
pfam00005	TIGR02314
pfam02965	TIGR02082
pfam01648	TIGR00556
pfam04199	TIGR03035
pfam01613	TIGR03615
pfam00440	TIGR03384
pfam04851	TIGR04095
pfam13191	TIGR03903
pfam00430	TIGR03321
pfam00107	TIGR02824
pfam01406	TIGR03447
pfam02021	TIGR00252
pfam00107	TIGR02823
pfam05954	TIGR01646
pfam04965	TIGR03357
pfam13538	TIGR02768
pfam00403	TIGR02052
pfam00723	TIGR01577
pfam02153	TIGR01799
pfam06434	TIGR00117
pfam03916	TIGR03148
pfam00033	TIGR02125
pfam09269	TIGR03595
pfam07690	TIGR00712
pfam07690	TIGR00710
pfam07690	TIGR00711
pfam00293	TIGR00586
pfam03062	TIGR04091
pfam02609	TIGR01280
pfam04210	TIGR01149
pfam02803	TIGR02430
pfam00510	TIGR02842
pfam03471	TIGR03520
pfam00126	TIGR03339
pfam00834	TIGR01163
pfam00694	TIGR01342
pfam00694	TIGR01341
pfam00694	TIGR01340
pfam07971	TIGR01180
pfam04279	TIGR00997
pfam09558	TIGR02922
pfam04358	TIGR03342
pfam07826	TIGR01922
pfam01507	TIGR02039
pfam00717	TIGR02227
pfam10431	TIGR00382
pfam00842	TIGR00492
pfam01871	TIGR04335
pfam01297	TIGR03772
pfam00795	TIGR04048
pfam00696	TIGR00746
pfam13192	TIGR02187
pfam01571	TIGR01372
pfam02738	TIGR02965
pfam04995	TIGR03141
pfam09684	TIGR01634
pfam00013	TIGR03591
pfam00384	TIGR01973
pfam04055	TIGR04082
pfam04055	TIGR04083
pfam04055	TIGR04085
pfam13519	TIGR02442
pfam04285	TIGR02877
pfam03548	TIGR00547
pfam03092	TIGR00788
pfam01933	TIGR01819
pfam09500	TIGR02447
pfam00929	TIGR01298
pfam12823	TIGR03954
pfam00854	TIGR00924
pfam09349	TIGR03180
pfam00753	TIGR03413
pfam13193	TIGR02262
pfam00392	TIGR02018
pfam13746	TIGR02910
pfam03862	TIGR02838
pfam03862	TIGR02839
pfam08338	TIGR01777
pfam00355	TIGR01416
pfam01402	TIGR02793
pfam03831	TIGR00686
pfam02863	TIGR01529
pfam02310	TIGR04190
pfam01694	TIGR03902
pfam00056	TIGR01772
pfam00056	TIGR01771
pfam04321	TIGR01214
pfam02769	TIGR00878
pfam01715	TIGR00174
pfam09673	TIGR02742
pfam02378	TIGR00851
pfam02378	TIGR00852
pfam03176	TIGR03480
pfam00206	TIGR02426
pfam00472	TIGR03072
pfam01127	TIGR02968
pfam01979	TIGR01792
pfam00694	TIGR02084
pfam00694	TIGR02087
pfam04055	TIGR03994
pfam03120	TIGR00575
pfam01924	TIGR00075
pfam02938	TIGR00134
pfam00356	TIGR01481
pfam13231	TIGR03663
pfam01432	TIGR02290
pfam01872	TIGR01508
pfam05683	TIGR00723
pfam02774	TIGR01850
pfam02627	TIGR00778
pfam01926	TIGR00450
pfam00478	TIGR01306
pfam00478	TIGR01305
pfam00478	TIGR01304
pfam03781	TIGR03530
pfam00478	TIGR01302
pfam03693	TIGR02606
pfam11356	TIGR01713
pfam00639	TIGR02933
pfam09508	TIGR02336
pfam00056	TIGR01758
pfam02926	TIGR04271
pfam01494	TIGR02360
pfam08028	TIGR04022
pfam00004	TIGR03922
pfam01210	TIGR03376
pfam13090	TIGR03705
pfam13779	TIGR02302
pfam03977	TIGR03136
pfam13326	TIGR03044
pfam00406	TIGR01351
pfam00107	TIGR03366
pfam09298	TIGR01266
pfam13407	TIGR02634
pfam13407	TIGR02637
pfam00252	TIGR00279
pfam02082	TIGR02944
pfam00327	TIGR01308
pfam00327	TIGR01309
pfam00122	TIGR01647
pfam09533	TIGR02269
pfam08494	TIGR04121
pfam04055	TIGR00089
pfam03350	TIGR00645
pfam00296	TIGR03558
pfam00296	TIGR03559
pfam00296	TIGR03557
pfam00296	TIGR03554
pfam00296	TIGR03555
pfam01315	TIGR03313
pfam13470	TIGR00305
pfam00586	TIGR00878
pfam03023	TIGR01695
pfam01336	TIGR00499
pfam13307	TIGR01407
pfam04715	TIGR01824
pfam00575	TIGR02063
pfam00575	TIGR02062
pfam06745	TIGR03878
pfam06745	TIGR03877
pfam06491	TIGR04191
pfam04221	TIGR02384
pfam01380	TIGR03127
pfam00795	TIGR03381
pfam00202	TIGR02407
pfam02899	TIGR03823
pfam02719	TIGR04130
pfam13089	TIGR03705
pfam04055	TIGR04337
pfam01315	TIGR02965
pfam02350	TIGR03568
pfam00091	TIGR03483
pfam02806	TIGR01515
pfam01226	TIGR00790
pfam07690	TIGR00880
pfam07690	TIGR00881
pfam07690	TIGR00886
pfam07690	TIGR00885
pfam04432	TIGR03289
pfam07109	TIGR02021
pfam08282	TIGR00099
pfam00775	TIGR02465
pfam02769	TIGR01735
pfam13419	TIGR01691
pfam13353	TIGR04136
pfam01450	TIGR00465
pfam08534	TIGR02190
pfam00005	TIGR03864
pfam02875	TIGR02068
pfam02579	TIGR02663
pfam00203	TIGR01050
pfam04542	TIGR02960
pfam01227	TIGR00063
pfam01869	TIGR03286
pfam11987	TIGR00231
pfam13395	TIGR01865
pfam01142	TIGR00094
pfam03591	TIGR00346
pfam00590	TIGR02434
pfam00596	TIGR02624
pfam01865	TIGR00153
pfam02542	TIGR00151
pfam01385	TIGR01766
pfam00127	TIGR03102
pfam02374	TIGR00345
pfam00717	TIGR02754
pfam09721	TIGR04162
pfam09343	TIGR02217
pfam13186	TIGR03962
pfam08245	TIGR01143
pfam01867	TIGR03638
pfam01867	TIGR03639
pfam00750	TIGR00456
pfam01867	TIGR03637
pfam03796	TIGR03600
pfam05117	TIGR01619
pfam12836	TIGR00426
pfam00593	TIGR01779
pfam00535	TIGR04017
pfam00383	TIGR00326
pfam02776	TIGR03297
pfam00171	TIGR01722
pfam03590	TIGR00669
pfam00549	TIGR01019
pfam00762	TIGR00109
pfam00549	TIGR01016
pfam02518	TIGR02916
pfam00296	TIGR04024
pfam01370	TIGR03466
pfam02255	TIGR00823
pfam09361	TIGR01841
pfam12847	TIGR02469
pfam00205	TIGR02720
pfam00266	TIGR02326
pfam00871	TIGR02707
pfam01914	TIGR00427
pfam09612	TIGR02192
pfam03104	TIGR00592
pfam08543	TIGR00687
pfam03301	TIGR03036
pfam12705	TIGR02773
pfam01488	TIGR01035
pfam09604	TIGR02115
pfam12705	TIGR02774
pfam00005	TIGR02857
pfam00476	TIGR00593
pfam01371	TIGR02531
pfam03547	TIGR00946
pfam08714	TIGR03126
pfam01966	TIGR00277
pfam01564	TIGR00417
pfam12974	TIGR01098
pfam03144	TIGR01393
pfam03144	TIGR01394
pfam04542	TIGR02885
pfam00107	TIGR02825
pfam02518	TIGR01055
pfam07638	TIGR02999
pfam02518	TIGR01058
pfam02518	TIGR01059
pfam06299	TIGR03223
pfam02575	TIGR00103
pfam05190	TIGR01070
pfam07973	TIGR03683
pfam12710	TIGR01488
pfam03358	TIGR02690
pfam03446	TIGR00872
pfam03446	TIGR00873
pfam07499	TIGR00084
pfam07238	TIGR03030
pfam02852	TIGR03385
pfam09356	TIGR02218
pfam00534	TIGR03999
pfam09107	TIGR00475
pfam02788	TIGR03326
pfam00502	TIGR01338
pfam00502	TIGR01339
pfam05472	TIGR02648
pfam00282	TIGR03799
pfam00502	TIGR01337
pfam01170	TIGR01177
pfam09611	TIGR02564
pfam02222	TIGR01142
pfam13659	TIGR03704
pfam01472	TIGR03684
pfam03764	TIGR00231
pfam00122	TIGR01116
pfam03330	TIGR00413
pfam07724	TIGR03345
pfam07724	TIGR03346
pfam07746	TIGR02792
pfam02811	TIGR00594
pfam07687	TIGR01892
pfam07687	TIGR01891
pfam11775	TIGR01651
pfam13353	TIGR03978
pfam01699	TIGR00846
pfam13353	TIGR03974
pfam00171	TIGR01804
pfam13036	TIGR02722
pfam00270	TIGR03158
pfam00483	TIGR01207
pfam13419	TIGR02254
pfam00483	TIGR01208
pfam01258	TIGR02890
pfam10105	TIGR03936
pfam08245	TIGR01082
pfam00230	TIGR00861
pfam08245	TIGR01081
pfam08245	TIGR01087
pfam12411	TIGR03417
pfam08245	TIGR01085
pfam01588	TIGR02222
pfam02778	TIGR00324
pfam00142	TIGR01287
pfam00142	TIGR01281
pfam01039	TIGR01117
pfam12846	TIGR02746
pfam14072	TIGR03233
pfam08275	TIGR01391
pfam11751	TIGR03519
pfam02611	TIGR00672
pfam04055	TIGR04013
pfam01474	TIGR01358
pfam00675	TIGR02110
pfam02241	TIGR03257
pfam01315	TIGR03196
pfam01315	TIGR03194
pfam00118	TIGR02339
pfam00206	TIGR00928
pfam02746	TIGR02534
pfam01113	TIGR00036
pfam00849	TIGR00093
pfam05896	TIGR01936
pfam01799	TIGR03198
pfam09656	TIGR02611
pfam03480	TIGR00787
pfam00465	TIGR04266
pfam13343	TIGR03261
pfam00306	TIGR00962
pfam02775	TIGR03846
pfam00378	TIGR02440
pfam13759	TIGR02466
pfam02302	TIGR00394
pfam08543	TIGR00097
pfam12697	TIGR01738
pfam04347	TIGR03500
pfam01300	TIGR00143
pfam01434	TIGR01241
pfam00465	TIGR02638
pfam02624	TIGR03604
pfam00312	TIGR00952
pfam02734	TIGR03599
pfam00005	TIGR01194
pfam00005	TIGR01192
pfam00005	TIGR01193
pfam03054	TIGR00420
pfam02547	TIGR00113
pfam01613	TIGR02296
pfam07879	TIGR01848
pfam04542	TIGR02948
pfam00411	TIGR03632
pfam04542	TIGR02941
pfam04542	TIGR02947
pfam01077	TIGR02374
pfam00289	TIGR01235
pfam02979	TIGR01323
pfam05239	TIGR01150
pfam00115	TIGR02843
pfam09663	TIGR02714
pfam01522	TIGR02764
pfam00892	TIGR00950
pfam02690	TIGR01013
pfam12706	TIGR02651
pfam12706	TIGR02650
pfam00171	TIGR02299
pfam03806	TIGR00819
pfam13244	TIGR00940
pfam13298	TIGR02777
pfam07881	TIGR01089
pfam00226	TIGR03834
pfam00226	TIGR03835
pfam00860	TIGR00801
pfam00291	TIGR02079
pfam07689	TIGR02654
pfam01545	TIGR01297
pfam13186	TIGR03942
pfam03717	TIGR02214
pfam00501	TIGR02188
pfam01747	TIGR00339
pfam09605	TIGR02185
pfam13353	TIGR04250
pfam06481	TIGR01433
pfam00270	TIGR00614
pfam02933	TIGR01243
pfam00528	TIGR01253
pfam04960	TIGR03814
pfam02464	TIGR00199
pfam04060	TIGR01944
pfam09509	TIGR02391
pfam01557	TIGR02303
pfam01557	TIGR02305
pfam02874	TIGR01043
pfam02874	TIGR01040
pfam02874	TIGR01041
pfam03334	TIGR01300
pfam09608	TIGR02186
pfam02922	TIGR01515
pfam05639	TIGR03687
pfam03610	TIGR02364
pfam02776	TIGR01504
pfam00213	TIGR01145
pfam01814	TIGR02481
pfam00752	TIGR03674
pfam07992	TIGR02053
pfam00278	TIGR03099
pfam00132	TIGR01852
pfam00132	TIGR01853
pfam04828	TIGR02820
pfam00501	TIGR02262
pfam01411	TIGR00344
pfam01520	TIGR02883
pfam05000	TIGR02388
pfam05000	TIGR02386
pfam02329	TIGR00541
pfam05491	TIGR00635
pfam01467	TIGR00482
pfam07479	TIGR03376
pfam00384	TIGR01701
pfam00591	TIGR02643
pfam00591	TIGR02645
pfam00591	TIGR02644
pfam00384	TIGR01706
pfam05237	TIGR02356
pfam05237	TIGR02355
pfam08486	TIGR02669
pfam14464	TIGR02256
pfam00005	TIGR00968
pfam00551	TIGR00655
pfam04539	TIGR02937
pfam03960	TIGR00014
pfam00491	TIGR01230
pfam02581	TIGR00693
pfam00857	TIGR03614
pfam02222	TIGR01161
pfam00343	TIGR02094
pfam07992	TIGR01438
pfam02738	TIGR03194
pfam02738	TIGR03196
pfam02733	TIGR02362
pfam01118	TIGR01745
pfam10996	TIGR03675
pfam03418	TIGR01441
pfam08511	TIGR02396
pfam01817	TIGR01799
pfam01817	TIGR01797
pfam01817	TIGR01795
pfam01817	TIGR01791
pfam01118	TIGR01296
pfam04610	TIGR02783
pfam02687	TIGR00439
pfam04715	TIGR01823
pfam00005	TIGR03608
pfam09652	TIGR02620
pfam00196	TIGR03541
pfam04565	TIGR02013
pfam00145	TIGR00675
pfam13597	TIGR02487
pfam02417	TIGR00937
pfam03320	TIGR00330
pfam09459	TIGR03154
pfam03160	TIGR02597
pfam03253	TIGR03441
pfam01040	TIGR01476
pfam01040	TIGR01475
pfam00775	TIGR02422
pfam01040	TIGR01473
pfam02397	TIGR03025
pfam08207	TIGR00038
pfam00171	TIGR03216
pfam12122	TIGR04239
pfam01106	TIGR02000
pfam00701	TIGR03249
pfam02879	TIGR01132
pfam02289	TIGR03120
pfam01058	TIGR01957
pfam00012	TIGR02350
pfam02378	TIGR02002
pfam00690	TIGR01524
pfam00690	TIGR01523
pfam02378	TIGR02005
pfam00793	TIGR01361
pfam00291	TIGR03528
pfam00919	TIGR00089
pfam07991	TIGR00465
pfam04384	TIGR03412
pfam00355	TIGR02694
pfam02590	TIGR00246
pfam07664	TIGR00437
pfam01134	TIGR00137
pfam01134	TIGR00136
pfam08267	TIGR01371
pfam00702	TIGR01497
pfam00890	TIGR03378
pfam02782	TIGR01315
pfam00005	TIGR02770
pfam07743	TIGR00714
pfam10371	TIGR02176
pfam00133	TIGR00395
pfam07021	TIGR02081
pfam12697	TIGR03695
pfam00006	TIGR01043
pfam00006	TIGR01042
pfam00006	TIGR01041
pfam00006	TIGR01040
pfam05597	TIGR01837
pfam01242	TIGR00039
pfam13531	TIGR00971
pfam05947	TIGR03359
pfam02502	TIGR02133
pfam01765	TIGR00496
pfam06486	TIGR01655
pfam10093	TIGR03837
pfam04203	TIGR01076
pfam04055	TIGR03700
pfam14460	TIGR03737
pfam00270	TIGR00580
pfam01905	TIGR01875
pfam12804	TIGR03202
pfam09539	TIGR02301
pfam06368	TIGR01503
pfam02310	TIGR04072
pfam00581	TIGR02981
pfam00408	TIGR03990
pfam06050	TIGR02263
pfam01909	TIGR03671
pfam12704	TIGR02213
pfam12704	TIGR02212
pfam06276	TIGR03951
pfam03150	TIGR03981
pfam01455	TIGR00074
pfam13331	TIGR00334
pfam12631	TIGR00450
pfam08352	TIGR01727
pfam02776	TIGR03254
pfam13378	TIGR03247
pfam00702	TIGR01512
pfam00702	TIGR01511
pfam00497	TIGR01096
pfam00702	TIGR01517
pfam00528	TIGR01183
pfam00185	TIGR03316
pfam02615	TIGR03175
pfam05199	TIGR03970
pfam00705	TIGR00590
pfam05496	TIGR00635
pfam01432	TIGR00181
pfam01880	TIGR00332
pfam00465	TIGR03405
pfam13738	TIGR04018
pfam00005	TIGR03410
pfam02142	TIGR01369
pfam00238	TIGR01067
pfam01565	TIGR01677
pfam13353	TIGR03906
pfam02606	TIGR00682
pfam10588	TIGR01973
pfam01565	TIGR01679
pfam06826	TIGR03802
pfam00374	TIGR03295
pfam09723	TIGR02605
pfam00561	TIGR01838
pfam00561	TIGR01839
pfam07992	TIGR01292
pfam14187	TIGR03579
pfam01081	TIGR01182
pfam05635	TIGR02436
pfam01321	TIGR02993
pfam00814	TIGR03725
pfam00814	TIGR03722
pfam02508	TIGR01940
pfam00682	TIGR00973
pfam00682	TIGR00970
pfam00682	TIGR00977
pfam01926	TIGR00436
pfam02571	TIGR00715
pfam01467	TIGR01518
pfam01467	TIGR01510
pfam06898	TIGR02876
pfam00408	TIGR01455
pfam01266	TIGR03364
pfam02005	TIGR00308
pfam00970	TIGR02160
pfam09678	TIGR02737
pfam03605	TIGR00770
pfam00448	TIGR01425
pfam05125	TIGR01551
pfam00800	TIGR01807
pfam00393	TIGR00872
pfam00393	TIGR00873
pfam12804	TIGR03310
pfam05069	TIGR01635
pfam01493	TIGR03122
pfam01409	TIGR00468
pfam01409	TIGR00469
pfam00126	TIGR03418
pfam01614	TIGR02431
pfam02769	TIGR04050
pfam00202	TIGR00713
pfam04209	TIGR01015
pfam01029	TIGR01951
pfam09579	TIGR02874
pfam00004	TIGR02903
pfam00004	TIGR02902
pfam00535	TIGR04283
pfam00106	TIGR01829
pfam01035	TIGR00589
pfam03837	TIGR00616
pfam04260	TIGR01440
pfam02738	TIGR03313
pfam02738	TIGR03311
pfam13249	TIGR01787
pfam07862	TIGR03890
pfam10615	TIGR04109
pfam06812	TIGR03363
pfam06812	TIGR03362
pfam05199	TIGR02462
pfam01293	TIGR00224
pfam08529	TIGR01954
pfam00580	TIGR02784
pfam00580	TIGR02785
pfam00583	TIGR04050
pfam02770	TIGR03204
pfam02770	TIGR03207
pfam03824	TIGR00802
pfam02770	TIGR03203
pfam09681	TIGR01714
pfam08032	TIGR00186
pfam00298	TIGR01632
pfam00009	TIGR00231
pfam13669	TIGR03081
pfam00664	TIGR02204
pfam00291	TIGR03945
pfam03597	TIGR00847
pfam13177	TIGR00678
pfam13087	TIGR00376
pfam00984	TIGR03026
pfam02810	TIGR04102
pfam00889	TIGR00116
pfam10369	TIGR00119
pfam01656	TIGR03453
pfam02843	TIGR00877
pfam08886	TIGR02049
pfam10135	TIGR02541
pfam01743	TIGR02692
pfam01048	TIGR01718
pfam01048	TIGR01717
pfam00691	TIGR03789
pfam09127	TIGR02411
pfam13521	TIGR01526
pfam02996	TIGR00293
pfam03764	TIGR00484
pfam13242	TIGR01457
pfam13242	TIGR01452
pfam03450	TIGR02963
pfam13242	TIGR01458
pfam13242	TIGR01459
pfam03129	TIGR00409
pfam03129	TIGR00408
pfam00813	TIGR01103
pfam03851	TIGR00629
pfam00682	TIGR01235
pfam00732	TIGR03970
pfam01580	TIGR03928
pfam01580	TIGR03924
pfam01580	TIGR03925
pfam00571	TIGR01303
pfam00571	TIGR01302
pfam00108	TIGR01930
pfam00986	TIGR01059
pfam07670	TIGR00437
pfam02635	TIGR03010
pfam02635	TIGR03012
pfam00266	TIGR03235
pfam02550	TIGR03948
pfam03740	TIGR00559
pfam06832	TIGR02073
pfam04055	TIGR03278
pfam00430	TIGR01144
pfam00291	TIGR02035
pfam09676	TIGR02747
pfam13394	TIGR04038
pfam01515	TIGR00651
pfam08240	TIGR01751
pfam01212	TIGR02617
pfam14306	TIGR00339
pfam00171	TIGR01780
pfam03169	TIGR00728
pfam01212	TIGR02618
pfam05545	TIGR02736
pfam00795	TIGR00546
pfam12892	TIGR03786
pfam02699	TIGR00739
pfam00122	TIGR01525
pfam00122	TIGR01524
pfam00122	TIGR01523
pfam00122	TIGR01522
pfam00534	TIGR04157
pfam00809	TIGR02082
pfam05889	TIGR02539
pfam04717	TIGR03361
pfam00977	TIGR02129
pfam08479	TIGR00992
pfam09538	TIGR02300
pfam03829	TIGR00849
pfam08240	TIGR03451
pfam00266	TIGR02006
pfam12838	TIGR00397
pfam00425	TIGR01820
pfam03602	TIGR00095
pfam00425	TIGR01823
pfam13394	TIGR03365
pfam06421	TIGR00231
pfam01926	TIGR02729
pfam00456	TIGR03186
pfam04276	TIGR01218
pfam11319	TIGR03360
pfam02565	TIGR00613
pfam01514	TIGR00206
pfam05133	TIGR01542
pfam01416	TIGR00071
pfam00574	TIGR00493
pfam06052	TIGR03037
pfam01472	TIGR00425
pfam04203	TIGR03064
pfam02955	TIGR01380
pfam03099	TIGR00122
pfam00453	TIGR01032
pfam03099	TIGR00121
pfam13604	TIGR02760
pfam00107	TIGR01751
pfam13604	TIGR02768
pfam09722	TIGR02293
pfam02896	TIGR01418
pfam02896	TIGR01417
pfam10417	TIGR03137
pfam02421	TIGR00437
pfam02668	TIGR02409
pfam04055	TIGR03913
pfam04983	TIGR02390
pfam04055	TIGR03910
pfam03135	TIGR00929
pfam02240	TIGR03259
pfam01225	TIGR01082
pfam01225	TIGR01081
pfam01578	TIGR01191
pfam14348	TIGR03747
pfam01979	TIGR03314
pfam13728	TIGR02739
pfam13728	TIGR02738
pfam07977	TIGR01749
pfam00037	TIGR04105
pfam09867	TIGR03373
pfam03306	TIGR01252
pfam06429	TIGR01395
pfam02423	TIGR02992
pfam00252	TIGR01164
pfam02132	TIGR00615
pfam00710	TIGR02153
pfam03450	TIGR03195
pfam01052	TIGR02480
pfam04679	TIGR02779
pfam00107	TIGR03451
pfam11852	TIGR02103
pfam13189	TIGR02173
pfam03486	TIGR03862
pfam01588	TIGR00472
pfam02568	TIGR04271
pfam02910	TIGR00551
pfam00591	TIGR01245
pfam02563	TIGR03028
pfam00687	TIGR01170
pfam13377	TIGR01481
pfam00300	TIGR01258
pfam04055	TIGR02666
pfam04055	TIGR02668
pfam04545	TIGR02835
pfam00471	TIGR01023
pfam00436	TIGR00621
pfam03447	TIGR03855
pfam03843	TIGR00752
pfam02224	TIGR00017
pfam01522	TIGR03006
pfam00875	TIGR02765
pfam13507	TIGR01857
pfam00682	TIGR02660
pfam03626	TIGR02847
pfam08439	TIGR02290
pfam03462	TIGR00019
pfam01041	TIGR03588
pfam08608	TIGR03972
pfam03109	TIGR01982
pfam00745	TIGR01035
pfam00698	TIGR03131
pfam03389	TIGR02768
pfam09674	TIGR02757
pfam00825	TIGR00188
pfam00486	TIGR02154
pfam01837	TIGR03287
pfam00296	TIGR03620
pfam00296	TIGR03621
pfam01729	TIGR00078
pfam02673	TIGR00753
pfam00127	TIGR02695
pfam00083	TIGR00883
pfam04542	TIGR02394
pfam02245	TIGR00567
pfam01371	TIGR01321
pfam00702	TIGR01494
pfam12892	TIGR03065
pfam13085	TIGR00384
pfam02670	TIGR00243
pfam08666	TIGR03569
pfam09669	TIGR02681
pfam01985	TIGR00253
pfam00171	TIGR03250
pfam00881	TIGR03553
pfam08459	TIGR00194
pfam03900	TIGR00212
pfam02776	TIGR03845
pfam00117	TIGR01823
pfam01243	TIGR04109
pfam00501	TIGR01923
pfam12697	TIGR03100
pfam02585	TIGR03445
pfam02585	TIGR03446
pfam02447	TIGR00791
pfam00813	TIGR01102
pfam04316	TIGR03824
pfam00709	TIGR00184
pfam01228	TIGR01255
pfam09660	TIGR02677
pfam01253	TIGR01160
pfam01588	TIGR00399
pfam09285	TIGR00038
pfam02541	TIGR03706
pfam00282	TIGR03811
pfam00282	TIGR03812
pfam00126	TIGR00637
pfam04566	TIGR03670
pfam00117	TIGR00884
pfam04794	TIGR03473
pfam00117	TIGR00888
pfam02627	TIGR00777
pfam00890	TIGR02061
pfam06796	TIGR02972
pfam06796	TIGR02973
pfam03737	TIGR01935
pfam08482	TIGR01970
pfam07244	TIGR00992
pfam05504	TIGR02887
pfam02934	TIGR00133
pfam02934	TIGR00134
pfam08245	TIGR01499
pfam02518	TIGR03785
pfam02800	TIGR01546
pfam03524	TIGR02775
pfam00478	TIGR01303
pfam00801	TIGR04173
pfam08048	TIGR03475
pfam08240	TIGR00692
pfam13662	TIGR01391
pfam05065	TIGR01554
pfam12700	TIGR02828
pfam01326	TIGR01418
pfam01351	TIGR00729
pfam09487	TIGR02558
pfam01521	TIGR00049
pfam09480	TIGR02554
pfam02690	TIGR00704
pfam02660	TIGR00023
pfam13579	TIGR04007
pfam00155	TIGR01821
pfam00132	TIGR03308
pfam00689	TIGR01116
pfam00923	TIGR00876
pfam00923	TIGR00875
pfam00923	TIGR00874
pfam03279	TIGR02208
pfam03279	TIGR02207
pfam00756	TIGR02821
pfam13365	TIGR02037
pfam09501	TIGR02413
pfam13537	TIGR03104
pfam02782	TIGR02628
pfam09100	TIGR03908
pfam00152	TIGR00499
pfam00691	TIGR03350
pfam01497	TIGR04281
pfam13360	TIGR03300
pfam06612	TIGR02327
pfam04539	TIGR02997
pfam06723	TIGR00904
pfam00155	TIGR03538
pfam02901	TIGR01774
pfam03951	TIGR00653
pfam00155	TIGR03537
pfam12327	TIGR00065
pfam03201	TIGR01724
pfam00009	TIGR00475
pfam00551	TIGR00639
pfam09603	TIGR02145
pfam01750	TIGR00130
pfam01974	TIGR00324
pfam01509	TIGR00425
pfam12804	TIGR02665
pfam02426	TIGR03221
pfam08812	TIGR02834
pfam00694	TIGR00139
pfam00501	TIGR03335
pfam00106	TIGR01289
pfam02249	TIGR03256
pfam04545	TIGR02850
pfam03060	TIGR02814
pfam02129	TIGR00976
pfam00781	TIGR00147
pfam00679	TIGR01394
pfam00679	TIGR01393
pfam00391	TIGR01417
pfam02110	TIGR00694
pfam13442	TIGR03874
pfam00391	TIGR01418
pfam00204	TIGR01058
pfam03448	TIGR00400
pfam01522	TIGR04243
pfam07497	TIGR00767
pfam01379	TIGR00212
pfam05591	TIGR03358
pfam00155	TIGR01825
pfam01458	TIGR01980
pfam01458	TIGR01981
pfam07514	TIGR03760
pfam00116	TIGR01433
pfam09180	TIGR00408
pfam00155	TIGR01822
pfam04760	TIGR00487
pfam02737	TIGR02279
pfam01487	TIGR01093
pfam01536	TIGR00535
pfam07992	TIGR02374
pfam03144	TIGR00491
pfam03144	TIGR00490
pfam13417	TIGR02182
pfam01040	TIGR00751
pfam07724	TIGR00390
pfam08436	TIGR00243
pfam01820	TIGR01205
pfam02569	TIGR00018
pfam05031	TIGR03656
pfam04230	TIGR04006
pfam05031	TIGR03657
pfam02776	TIGR00173
pfam05494	TIGR03481
pfam09850	TIGR03350
pfam05031	TIGR03658
pfam08666	TIGR03586
pfam11264	TIGR03060
pfam00392	TIGR03337
pfam01195	TIGR00447
pfam01118	TIGR03215
pfam01891	TIGR00123
pfam00392	TIGR03338
pfam03129	TIGR00442
pfam00664	TIGR03375
pfam13186	TIGR03913
pfam00248	TIGR01293
pfam00488	TIGR01069
pfam00227	TIGR03634
pfam02627	TIGR01926
pfam00378	TIGR01929
pfam02504	TIGR00182
pfam12850	TIGR01854
pfam02553	TIGR01165
pfam01653	TIGR00575
pfam05103	TIGR03544
pfam00586	TIGR01379
pfam03139	TIGR02930
pfam02151	TIGR00194
pfam00384	TIGR01553
pfam02604	TIGR01552
pfam07517	TIGR00963
pfam02880	TIGR01132
pfam00070	TIGR03385
pfam02686	TIGR00135
pfam00528	TIGR01581
pfam02775	TIGR01504
pfam01368	TIGR00644
pfam13361	TIGR02785
pfam13361	TIGR02784
pfam07219	TIGR00540
pfam02556	TIGR00809
pfam00289	TIGR01369
pfam09526	TIGR02443
pfam04545	TIGR02997
pfam13937	TIGR03647
pfam13537	TIGR03108
pfam03551	TIGR02719
pfam07554	TIGR04227
pfam02782	TIGR01314
pfam03720	TIGR03026
pfam02782	TIGR01312
pfam02782	TIGR01311
pfam02310	TIGR02026
pfam05107	TIGR02589
pfam02002	TIGR00373
pfam06968	TIGR03955
pfam04715	TIGR00564
pfam04715	TIGR00565
pfam00483	TIGR01099
pfam01522	TIGR03212
pfam04492	TIGR01610
pfam00004	TIGR00763
pfam00462	TIGR00365
pfam01042	TIGR00004
pfam01075	TIGR02201
pfam01546	TIGR01900
pfam04055	TIGR03956
pfam00460	TIGR02489
pfam03631	TIGR00765
pfam03631	TIGR00766
pfam01264	TIGR00033
pfam09455	TIGR01897
pfam08666	TIGR03248
pfam00690	TIGR01522
pfam02774	TIGR01745
pfam06429	TIGR02489
pfam06429	TIGR02488
pfam00772	TIGR00665
pfam01192	TIGR00690
pfam13419	TIGR01428
pfam08540	TIGR01833
pfam06733	TIGR00604
pfam08540	TIGR01835
pfam13419	TIGR01422
pfam03460	TIGR02374
pfam00009	TIGR00490
pfam00009	TIGR00491
pfam01966	TIGR01693
pfam02852	TIGR02053
pfam00672	TIGR01386
pfam01926	TIGR00231
pfam00181	TIGR01171
pfam01494	TIGR01984
pfam01494	TIGR01988
pfam02540	TIGR00552
pfam02826	TIGR01327
pfam09361	TIGR02809
pfam09483	TIGR02557
pfam04240	TIGR03460
pfam00625	TIGR03263
pfam03786	TIGR00695
pfam01116	TIGR01859
pfam01116	TIGR01858
pfam01979	TIGR02967
pfam01694	TIGR04239
pfam09472	TIGR02507
pfam00749	TIGR03838
pfam00156	TIGR01743
pfam00156	TIGR01744
pfam01336	TIGR00459
pfam01336	TIGR00457
pfam05034	TIGR01502
pfam05402	TIGR04248
pfam00586	TIGR04049
pfam13792	TIGR00815
pfam10262	TIGR02174
pfam13600	TIGR02231
pfam13435	TIGR04315
pfam01902	TIGR00289
pfam13433	TIGR03407
pfam13184	TIGR01954
pfam13624	TIGR04142
pfam05106	TIGR01594
pfam01061	TIGR01247
pfam02776	TIGR03393
pfam02776	TIGR03394
pfam13353	TIGR02826
pfam03626	TIGR02229
pfam04715	TIGR01820
pfam00216	TIGR01201
pfam03989	TIGR01062
pfam03989	TIGR01063
pfam03989	TIGR01061
pfam00005	TIGR03796
pfam00005	TIGR03797
pfam12161	TIGR00497
pfam01052	TIGR01397
pfam00672	TIGR02956
pfam03477	TIGR00244
pfam13598	TIGR02231
pfam06213	TIGR01651
pfam09615	TIGR02566
pfam06418	TIGR00337
pfam14010	TIGR02751
pfam00132	TIGR03532
pfam00155	TIGR03542
pfam03167	TIGR03914
pfam06144	TIGR01128
pfam00155	TIGR03539
pfam00485	TIGR00235
pfam09536	TIGR02265
pfam01522	TIGR02873
pfam01361	TIGR00013
pfam02423	TIGR03944
pfam00501	TIGR01217
pfam06287	TIGR02498
pfam01726	TIGR00498
pfam00421	TIGR03041
pfam02952	TIGR01089
pfam01871	TIGR00296
pfam11614	TIGR02745
pfam00032	TIGR01156
pfam02659	TIGR02840
pfam12804	TIGR00454
pfam00364	TIGR02712
pfam01791	TIGR00126
pfam13614	TIGR03029
pfam02559	TIGR00580
pfam04069	TIGR03414
pfam01507	TIGR03183
pfam01809	TIGR00278
pfam12801	TIGR02163
pfam01634	TIGR03455
pfam10079	TIGR03998
pfam02133	TIGR02358
pfam02277	TIGR03160
pfam02645	TIGR00762
pfam06986	TIGR02750
pfam01243	TIGR00558
pfam02625	TIGR02964
pfam02661	TIGR01550
pfam00474	TIGR00813
pfam00132	TIGR02287
pfam03463	TIGR03676
pfam02685	TIGR00749
pfam00456	TIGR00759
pfam00378	TIGR03210
pfam08281	TIGR02960
pfam05036	TIGR02223
pfam01256	TIGR00196
pfam01256	TIGR00197
pfam00679	TIGR00231
pfam11130	TIGR02746
pfam00232	TIGR01233
pfam06833	TIGR03134
pfam13676	TIGR04276
pfam01578	TIGR00353
pfam00862	TIGR02470
pfam00529	TIGR00998
pfam06381	TIGR01555
pfam02784	TIGR01273
pfam00583	TIGR01890
pfam00573	TIGR03672
pfam02335	TIGR03152
pfam09318	TIGR03713
pfam01381	TIGR00270
pfam00367	TIGR00852
pfam09697	TIGR01200
pfam09693	TIGR01669
pfam02657	TIGR03391
pfam04079	TIGR00281
pfam03472	TIGR03541
pfam04055	TIGR04251
pfam04055	TIGR04250
pfam13541	TIGR00368
pfam04055	TIGR03975
pfam04055	TIGR03974
pfam04055	TIGR03977
pfam07996	TIGR02791
pfam01568	TIGR01553
pfam09872	TIGR03275
pfam00132	TIGR00965
pfam03950	TIGR00463
pfam02823	TIGR01216
pfam13337	TIGR02653
pfam02470	TIGR00996
pfam01554	TIGR00797
pfam02049	TIGR00205
pfam03613	TIGR00828
pfam02878	TIGR03990
pfam02348	TIGR03584
pfam14188	TIGR03580
pfam00486	TIGR03787
pfam00004	TIGR01241
pfam07728	TIGR02640
pfam00033	TIGR01583
pfam07454	TIGR02867
pfam03239	TIGR00145
pfam01618	TIGR03818
pfam02355	TIGR00966
pfam06857	TIGR03130
pfam00370	TIGR02628
pfam00370	TIGR02627
pfam05958	TIGR00479
pfam03358	TIGR03567
pfam02817	TIGR01349
pfam04609	TIGR03264
pfam00689	TIGR01517
pfam07992	TIGR03452
pfam13419	TIGR01449
pfam01068	TIGR00574
pfam07848	TIGR02277
pfam00004	TIGR02639
pfam02900	TIGR02298
pfam01514	TIGR02544
pfam07883	TIGR03214
pfam04586	TIGR01543
pfam01132	TIGR00038
pfam00587	TIGR00389
pfam08141	TIGR02861
pfam00694	TIGR00171
pfam01262	TIGR00518
pfam03755	TIGR00255
pfam00291	TIGR01747
pfam13531	TIGR01256
pfam00072	TIGR01387
pfam12439	TIGR01561
pfam03781	TIGR03440
pfam02769	TIGR01736
pfam01869	TIGR02261
pfam03412	TIGR01193
pfam07676	TIGR02171
pfam12846	TIGR03783
pfam01326	TIGR01828
pfam04973	TIGR01528
pfam02729	TIGR03316
pfam02007	TIGR01114
pfam02661	TIGR02613
pfam00497	TIGR04262
pfam02866	TIGR01757
pfam02866	TIGR01759
pfam02866	TIGR01758
pfam04107	TIGR02048
pfam00185	TIGR00658
pfam00330	TIGR00139
pfam00881	TIGR03605
pfam03807	TIGR00112
pfam06421	TIGR01393
pfam02545	TIGR00172
pfam04997	TIGR02386
pfam04997	TIGR02387
pfam00005	TIGR03005
pfam00009	TIGR01394
pfam02501	TIGR01707
pfam01138	TIGR03591
pfam13484	TIGR02486
pfam00005	TIGR02204
pfam00005	TIGR02203
pfam12846	TIGR00929
pfam04542	TIGR02989
pfam10531	TIGR01945
pfam06761	TIGR03348
pfam04542	TIGR02985
pfam04542	TIGR02983
pfam04542	TIGR02980
pfam09515	TIGR02357
pfam00005	TIGR03265
pfam00534	TIGR02149
pfam00113	TIGR01060
pfam00501	TIGR01720
pfam00005	TIGR03269
pfam04055	TIGR01125
pfam04267	TIGR01374
pfam04205	TIGR01938
pfam13353	TIGR04003
pfam02219	TIGR00677
pfam02219	TIGR00676
pfam00590	TIGR01465
pfam13597	TIGR02827
pfam00016	TIGR03332
pfam09691	TIGR01004
pfam13336	TIGR03948
pfam00829	TIGR00061
pfam10584	TIGR03633
pfam00366	TIGR03635
pfam00366	TIGR03630
pfam01977	TIGR02724
pfam03167	TIGR00628
pfam01977	TIGR02723
pfam08240	TIGR01202
pfam03484	TIGR00472
pfam05221	TIGR00936
pfam03484	TIGR00471
pfam00215	TIGR02127
pfam00891	TIGR02716
pfam00378	TIGR03189
pfam00892	TIGR00688
pfam00384	TIGR01591
pfam04459	TIGR03279
pfam00238	TIGR03673
pfam01936	TIGR00288
pfam03382	TIGR02167
pfam01470	TIGR00504
pfam02719	TIGR03589
pfam00202	TIGR03372
pfam00462	TIGR02190
pfam00462	TIGR02196
pfam09544	TIGR02268
pfam00462	TIGR02194
pfam02881	TIGR00064
pfam00459	TIGR01331
pfam00416	TIGR03629
pfam01557	TIGR01266
pfam01905	TIGR02583
pfam04055	TIGR02109
pfam01905	TIGR02585
pfam03102	TIGR03586
pfam08281	TIGR02947
pfam06146	TIGR02647
pfam08281	TIGR02943
pfam08281	TIGR02948
pfam13249	TIGR03463
pfam02040	TIGR00935
pfam00318	TIGR01012
pfam01176	TIGR00008
pfam03747	TIGR02662
pfam02775	TIGR03394
pfam02874	TIGR03324
pfam03441	TIGR02765
pfam00205	TIGR03254
pfam05145	TIGR03082
pfam09659	TIGR02672
pfam00106	TIGR01500
pfam00696	TIGR00656
pfam00696	TIGR00657
pfam01132	TIGR02178
pfam13579	TIGR04063
pfam00496	TIGR04028
pfam08240	TIGR03989
pfam08282	TIGR02726
pfam00270	TIGR01054
pfam03819	TIGR00444
pfam07685	TIGR00379
pfam01628	TIGR00331
pfam06243	TIGR02157
pfam00149	TIGR04075
pfam08719	TIGR02464
pfam13607	TIGR02717
pfam00156	TIGR01090
pfam07690	TIGR04259
pfam07729	TIGR03338
pfam01896	TIGR00335
pfam06877	TIGR01619
pfam05362	TIGR02903
pfam05362	TIGR02902
pfam00293	TIGR02150
pfam00667	TIGR01931
pfam02457	TIGR00159
pfam13625	TIGR00603
pfam00171	TIGR04284
pfam00420	TIGR00941
pfam02779	TIGR00204
pfam03063	TIGR00314
pfam01343	TIGR00706
pfam01343	TIGR00705
pfam03950	TIGR00440
pfam00702	TIGR01647
pfam04879	TIGR02166
pfam04055	TIGR00423
pfam00936	TIGR02526
pfam01862	TIGR00286
pfam01068	TIGR02779
pfam00712	TIGR00663
pfam00338	TIGR01046
pfam00338	TIGR01049
pfam01258	TIGR02420
pfam00270	TIGR03817
pfam00106	TIGR02415
pfam09827	TIGR01573
pfam04985	TIGR01611
pfam01000	TIGR02027
pfam01149	TIGR00577
pfam13145	TIGR04142
pfam00355	TIGR03228
pfam00355	TIGR03229
pfam02142	TIGR00160
pfam05857	TIGR02755
pfam03825	TIGR00889
pfam07724	TIGR02639
pfam02515	TIGR03253
pfam13380	TIGR02717
pfam00107	TIGR03989
pfam01883	TIGR02159
pfam11939	TIGR03993
pfam00205	TIGR03394
pfam00205	TIGR03393
pfam12544	TIGR03820
pfam01687	TIGR00083
pfam00364	TIGR01108
pfam09721	TIGR03763
pfam09721	TIGR03762
pfam00460	TIGR01395
pfam01926	TIGR00092
pfam00005	TIGR01166
pfam01746	TIGR00088
pfam00920	TIGR01196
pfam01981	TIGR00283
pfam02775	TIGR03336
pfam02786	TIGR01235
pfam00528	TIGR03262
pfam01568	TIGR02164
pfam01568	TIGR02693
pfam07244	TIGR03303
pfam00361	TIGR01960
pfam13411	TIGR02054
pfam02866	TIGR01771
pfam00296	TIGR03860
pfam02866	TIGR01772
pfam00595	TIGR03900
pfam00528	TIGR03004
pfam00185	TIGR00670
pfam00528	TIGR03003
pfam01154	TIGR01835
pfam01869	TIGR03192
pfam01154	TIGR01833
pfam08245	TIGR02068
pfam00330	TIGR00117
pfam03588	TIGR00667
pfam13193	TIGR02188
pfam00796	TIGR03052
pfam02461	TIGR03080
pfam03572	TIGR00225
pfam01039	TIGR00515
pfam01568	TIGR01580
pfam01175	TIGR01228
pfam09618	TIGR02563
pfam07521	TIGR03675
pfam01451	TIGR02689
pfam00586	TIGR02124
pfam12801	TIGR02745
pfam01636	TIGR01767
pfam00148	TIGR01860
pfam00148	TIGR01861
pfam00132	TIGR03570
pfam01266	TIGR01373
pfam01266	TIGR01377
pfam02785	TIGR01235
pfam00725	TIGR02437
pfam01814	TIGR03652
pfam09575	TIGR02863
pfam02776	TIGR00118
pfam02872	TIGR01530
pfam02885	TIGR03327
pfam08334	TIGR01710
pfam01676	TIGR00306
pfam02574	TIGR02082
pfam01128	TIGR00453
pfam01116	TIGR00167
pfam05192	TIGR01070
pfam00296	TIGR03857
pfam00296	TIGR03856
pfam12623	TIGR04074
pfam11984	TIGR04152
pfam00296	TIGR03858
pfam06223	TIGR01715
pfam07702	TIGR02018
pfam08706	TIGR01613
pfam01571	TIGR03317
pfam11987	TIGR00491
pfam09650	TIGR02610
pfam00005	TIGR01288
pfam07515	TIGR03760
pfam06450	TIGR00774
pfam02358	TIGR00685
pfam02441	TIGR02113
pfam00290	TIGR00262
pfam03167	TIGR00584
pfam00296	TIGR03571
pfam00384	TIGR03479
pfam09492	TIGR02474
pfam06808	TIGR00786
pfam04055	TIGR03957
pfam01737	TIGR03043
pfam13292	TIGR00204
pfam06039	TIGR01320
pfam01243	TIGR04025
pfam04634	TIGR01741
pfam02786	TIGR01369
pfam11575	TIGR03951
pfam03626	TIGR02901
pfam00467	TIGR01079
pfam03626	TIGR02908
pfam01041	TIGR02379
pfam07683	TIGR02475
pfam00970	TIGR02911
pfam01048	TIGR03664
pfam01979	TIGR02022
pfam00171	TIGR01238
pfam07685	TIGR00313
pfam00171	TIGR01237
pfam00171	TIGR01236
pfam00623	TIGR02390
pfam11854	TIGR03509
pfam05845	TIGR03292
pfam08534	TIGR00385
pfam01471	TIGR02869
pfam00356	TIGR02405
pfam00288	TIGR00549
pfam14072	TIGR03187
pfam00905	TIGR02214
pfam13186	TIGR04250
pfam13186	TIGR04251
pfam04075	TIGR00026
pfam00132	TIGR04016
pfam00576	TIGR02962
pfam09601	TIGR02117
pfam09382	TIGR01389
pfam00860	TIGR03616
pfam13247	TIGR03478
pfam00137	TIGR01260
pfam00732	TIGR01810
pfam08335	TIGR01693
pfam05869	TIGR01712
pfam13520	TIGR04299
pfam00205	TIGR00118
pfam00266	TIGR04343
pfam02899	TIGR02225
pfam00005	TIGR02142
pfam02492	TIGR02475
pfam13506	TIGR03472
pfam02472	TIGR02801
pfam04452	TIGR00046
pfam02472	TIGR02803
pfam02472	TIGR02804
pfam02603	TIGR00679
pfam03147	TIGR00469
pfam01512	TIGR01945
pfam01958	TIGR03855
pfam04275	TIGR01223
pfam11072	TIGR03765
pfam09455	TIGR02549
pfam03714	TIGR02102
pfam08645	TIGR01664
pfam00364	TIGR01349
pfam00364	TIGR01348
pfam00534	TIGR03088
pfam00364	TIGR01347
pfam00271	TIGR03817
pfam00156	TIGR01251
pfam05138	TIGR03225
pfam09704	TIGR02593
pfam02682	TIGR00370
pfam01370	TIGR01179
pfam02508	TIGR01948
pfam02508	TIGR01943
pfam02560	TIGR00673
pfam03816	TIGR00350
pfam13578	TIGR01627
pfam02163	TIGR00054
pfam04552	TIGR02395
pfam01571	TIGR00528
pfam06018	TIGR02787
pfam13684	TIGR03599
pfam04567	TIGR03670
pfam12846	TIGR03744
pfam02433	TIGR00781
pfam05114	TIGR04159
pfam07992	TIGR03315
pfam00263	TIGR02519
pfam07717	TIGR01967
pfam00263	TIGR02515
pfam00263	TIGR02517
pfam00263	TIGR02516
pfam00296	TIGR04036
pfam13419	TIGR02252
pfam00227	TIGR03633
pfam07242	TIGR01654
pfam00383	TIGR00227
pfam00330	TIGR00170
pfam01312	TIGR00328
pfam01541	TIGR00194
pfam05860	TIGR01901
pfam11071	TIGR03646
pfam00288	TIGR00154
pfam00106	TIGR03206
pfam02378	TIGR00394
pfam03419	TIGR02854
pfam07687	TIGR01900
pfam11984	TIGR02914
pfam01642	TIGR00642
pfam01642	TIGR00641
pfam12838	TIGR04003
pfam12844	TIGR01716
pfam13505	TIGR04273
pfam02502	TIGR01120
pfam02811	TIGR01405
pfam04679	TIGR00574
pfam00497	TIGR02995
pfam04055	TIGR04014
pfam03061	TIGR02286
pfam00990	TIGR00254
pfam12706	TIGR02108
pfam01998	TIGR00304
pfam00571	TIGR03520
pfam00472	TIGR00019
pfam07837	TIGR02024
pfam07992	TIGR01424
pfam03315	TIGR00720
pfam07992	TIGR01421
pfam11120	TIGR03493
pfam01391	TIGR03720
pfam07564	TIGR04263
pfam13714	TIGR02321
pfam13714	TIGR02320
pfam00474	TIGR02121
pfam05936	TIGR03353
pfam09173	TIGR03680
pfam13353	TIGR04041
pfam01243	TIGR03667
pfam01243	TIGR03666
pfam04055	TIGR04080
pfam01243	TIGR03668
pfam13595	TIGR03780
pfam09623	TIGR02584
pfam00730	TIGR01084
pfam09550	TIGR02216
pfam13727	TIGR03023
pfam02735	TIGR02772
pfam01196	TIGR00059
pfam05136	TIGR01539
pfam04542	TIGR02850
pfam04542	TIGR02859
pfam01791	TIGR01232
pfam01391	TIGR04203
pfam01940	TIGR00297
pfam05222	TIGR00561
pfam02633	TIGR03964
pfam07554	TIGR04264
pfam01926	TIGR03918
pfam02700	TIGR00302
pfam09249	TIGR03671
pfam08281	TIGR02983
pfam08281	TIGR02985
pfam03241	TIGR02309
pfam02321	TIGR01845
pfam02321	TIGR01844
pfam00221	TIGR01225
pfam00221	TIGR01226
pfam00156	TIGR01134
pfam00408	TIGR01132
pfam08279	TIGR00122
pfam02502	TIGR01118
pfam02502	TIGR01119
pfam09486	TIGR02559
pfam04055	TIGR04349
pfam00578	TIGR03137
pfam00116	TIGR02866
pfam00082	TIGR03921
pfam04860	TIGR01537
pfam07282	TIGR01766
pfam04915	TIGR04092
pfam00753	TIGR00361
pfam13510	TIGR01973
pfam00483	TIGR01105
pfam04760	TIGR00231
pfam00070	TIGR01438
pfam03749	TIGR00230
pfam03845	TIGR00912
pfam01201	TIGR00307
pfam00710	TIGR00519
pfam05343	TIGR03107
pfam02773	TIGR01034
pfam00572	TIGR01077
pfam13186	TIGR04055
pfam01018	TIGR02729
pfam13489	TIGR01983
pfam07715	TIGR01782
pfam07715	TIGR01783
pfam07715	TIGR01786
pfam07715	TIGR01785
pfam01131	TIGR01051
pfam01131	TIGR01054
pfam01131	TIGR01056
pfam01131	TIGR01057
pfam00330	TIGR02333
pfam02649	TIGR00294
pfam13344	TIGR01460
pfam00284	TIGR01332
pfam03328	TIGR02311
pfam12847	TIGR04345
pfam12847	TIGR04344
pfam01641	TIGR00357
pfam13167	TIGR03156
pfam06965	TIGR00773
pfam00694	TIGR02333
pfam00590	TIGR00096
pfam00425	TIGR00553
pfam01522	TIGR03933
pfam01522	TIGR03938
pfam08428	TIGR02331
pfam01068	TIGR01209
pfam02310	TIGR04013
pfam11920	TIGR03749
pfam01979	TIGR01178
pfam08485	TIGR04130
pfam00115	TIGR02891
pfam11130	TIGR03744
pfam02441	TIGR02700
pfam03947	TIGR01171
pfam00258	TIGR01931
pfam04030	TIGR01677
pfam00535	TIGR04195
pfam00006	TIGR01026
pfam03725	TIGR02696
pfam00701	TIGR00674
pfam01071	TIGR00877
pfam01855	TIGR03710
pfam00926	TIGR00506
pfam00528	TIGR03226
pfam01977	TIGR00148
pfam00793	TIGR01801
pfam00127	TIGR02656
pfam00468	TIGR01030
pfam00736	TIGR00489
pfam01116	TIGR01520
pfam02879	TIGR03990
pfam03561	TIGR02961
pfam02896	TIGR01828
pfam01964	TIGR00190
pfam03313	TIGR00720
pfam00006	TIGR03324
pfam00437	TIGR02525
pfam00437	TIGR02524
pfam00258	TIGR01752
pfam00258	TIGR01753
pfam03061	TIGR00369
pfam00288	TIGR00131
pfam01558	TIGR02175
pfam01558	TIGR02176
pfam05525	TIGR00796
pfam12790	TIGR03352
pfam01116	TIGR01521
pfam04879	TIGR01591
pfam00035	TIGR02191
pfam02906	TIGR04105
pfam00005	TIGR03719
pfam03830	TIGR00854
pfam01751	TIGR01054
pfam01751	TIGR01055
pfam01751	TIGR01056
pfam01751	TIGR01057
pfam01751	TIGR01051
pfam01751	TIGR01058
pfam01751	TIGR01059
pfam00583	TIGR03448
pfam09546	TIGR02829
pfam00227	TIGR03691
pfam00227	TIGR03690
pfam00585	TIGR01124
pfam00227	TIGR03692
pfam06525	TIGR03094
pfam00210	TIGR00754
pfam00890	TIGR01176
pfam00308	TIGR00362
pfam02979	TIGR03887
pfam00175	TIGR01941
pfam00300	TIGR00249
pfam07863	TIGR03782
pfam00448	TIGR03499
pfam00534	TIGR02472
pfam03328	TIGR03239
pfam00483	TIGR03992
pfam02652	TIGR00795
pfam04273	TIGR01244
pfam03609	TIGR00822
pfam00633	TIGR01083
pfam10082	TIGR03014
pfam13486	TIGR02486
pfam01266	TIGR03329
pfam04055	TIGR04038
pfam00070	TIGR01350
pfam13614	TIGR01005
pfam13614	TIGR01007
pfam01676	TIGR01696
pfam00044	TIGR01534
pfam00044	TIGR01532
pfam00128	TIGR02403
pfam00128	TIGR02402
pfam00128	TIGR02401
pfam02824	TIGR00691
pfam01098	TIGR02615
pfam01098	TIGR02614
pfam02775	TIGR00118
pfam00593	TIGR01776
pfam13450	TIGR00031
pfam01039	TIGR03133
pfam01380	TIGR02815
pfam00593	TIGR01778
pfam02737	TIGR02437
pfam01728	TIGR00478
pfam05580	TIGR02860
pfam09621	TIGR02572
pfam09588	TIGR03033
pfam00575	TIGR01954
pfam08676	TIGR00585
pfam03415	TIGR02806
pfam04444	TIGR02465
pfam00306	TIGR01039
pfam13545	TIGR03697
pfam02310	TIGR01501
pfam00271	TIGR00643
pfam00699	TIGR00192
pfam02705	TIGR00794
pfam03781	TIGR04344
pfam06508	TIGR00364
pfam04408	TIGR01970
pfam13419	TIGR02247
pfam08206	TIGR02062
pfam02096	TIGR03593
pfam00391	TIGR01828
pfam13932	TIGR00136
pfam09721	TIGR03113
pfam04324	TIGR02000
pfam00175	TIGR03224
pfam04012	TIGR02977
pfam12469	TIGR02577
pfam00291	TIGR01139
pfam01467	TIGR02199
pfam00291	TIGR01137
pfam00291	TIGR01136
pfam03721	TIGR03026
pfam07506	TIGR03454
pfam00085	TIGR01068
pfam02310	TIGR02082
pfam00534	TIGR02470
pfam01145	TIGR01932
pfam01145	TIGR01933
pfam06433	TIGR02658
pfam12833	TIGR04094
pfam00528	TIGR02789
pfam02875	TIGR01081
pfam05697	TIGR00115
pfam02875	TIGR01085
pfam00775	TIGR02423
pfam00584	TIGR00964
pfam10662	TIGR02528
pfam03379	TIGR01190
pfam05119	TIGR01558
pfam02578	TIGR00726
pfam00398	TIGR00755
pfam09704	TIGR01868
pfam02302	TIGR00853
pfam02302	TIGR00851
pfam01808	TIGR00355
pfam09694	TIGR02001
pfam01063	TIGR03461
pfam13401	TIGR02928
pfam00512	TIGR02966
pfam00590	TIGR00522
pfam00013	TIGR03319
pfam01193	TIGR02027
pfam09290	TIGR03215
pfam00586	TIGR01857
pfam02975	TIGR02659
pfam07831	TIGR03327
pfam02595	TIGR00045
pfam03960	TIGR01616
pfam03960	TIGR01617
pfam04233	TIGR01641
pfam00501	TIGR02353
pfam03971	TIGR00178
pfam00351	TIGR01267
pfam04055	TIGR03822
pfam05157	TIGR02538
pfam14109	TIGR03511
pfam00231	TIGR01146
pfam01241	TIGR03049
pfam13419	TIGR01990
pfam13419	TIGR01993
pfam00180	TIGR00169
pfam01521	TIGR02011
pfam03129	TIGR00389
pfam01566	TIGR01197
pfam00707	TIGR00168
pfam03116	TIGR01946
pfam13394	TIGR04251
pfam03275	TIGR00031
pfam13336	TIGR03458
pfam04958	TIGR03245
pfam02682	TIGR02712
pfam10412	TIGR02759
pfam00941	TIGR03195
pfam00941	TIGR03199
pfam02844	TIGR00877
pfam02780	TIGR00232
pfam02872	TIGR01390
pfam00534	TIGR04015
pfam11444	TIGR03746
pfam08755	TIGR02097
pfam09079	TIGR02928
pfam04101	TIGR01133
pfam04542	TIGR02954
pfam02378	TIGR02003
pfam01174	TIGR03800
pfam00013	TIGR02696
pfam07650	TIGR00436
pfam01699	TIGR00378
pfam04914	TIGR04092
pfam04679	TIGR04120
pfam06754	TIGR03293
pfam02211	TIGR03889
pfam02211	TIGR03888
pfam11967	TIGR00613
pfam13412	TIGR04176
pfam00198	TIGR01348
pfam00198	TIGR01349
pfam13484	TIGR00276
pfam02378	TIGR00359
pfam00394	TIGR01480
pfam00198	TIGR01347
pfam09285	TIGR02178
pfam02771	TIGR04022
pfam01272	TIGR01461
pfam01272	TIGR01462
pfam03606	TIGR00771
pfam02754	TIGR03379
pfam01546	TIGR01883
pfam00140	TIGR02394
pfam01546	TIGR01887
pfam01546	TIGR01886
pfam00562	TIGR02013
pfam00467	TIGR00405
pfam01476	TIGR02899
pfam00108	TIGR02445
pfam00108	TIGR02446
pfam13525	TIGR03302
pfam00005	TIGR03771
pfam06850	TIGR01849
pfam04055	TIGR04055
pfam04055	TIGR04054
pfam04055	TIGR04053
pfam04055	TIGR04051
pfam04055	TIGR04136
pfam04055	TIGR04133
pfam00004	TIGR03345
pfam00004	TIGR03346
pfam03070	TIGR02111
pfam00288	TIGR01240
pfam04371	TIGR03380
pfam00124	TIGR01151
pfam00124	TIGR01152
pfam00124	TIGR01157
pfam02503	TIGR03705
pfam00109	TIGR02813
pfam02378	TIGR00826
pfam12867	TIGR03440
pfam02518	TIGR02956
pfam07516	TIGR04221
pfam03725	TIGR03591
pfam00437	TIGR01420
pfam01479	TIGR00093
pfam13490	TIGR03988
pfam02607	TIGR02370
pfam01103	TIGR03303
pfam08254	TIGR02077
pfam01926	TIGR03156
pfam00809	TIGR01496
pfam01636	TIGR02172
pfam00156	TIGR00336
pfam00344	TIGR02920
pfam01541	TIGR01453
pfam00698	TIGR00128
pfam00005	TIGR01846
pfam09560	TIGR02832
pfam00005	TIGR01842
pfam13419	TIGR01509
pfam01008	TIGR00524
pfam09657	TIGR02670
pfam04998	TIGR02389
pfam04998	TIGR02388
pfam00460	TIGR02488
pfam01209	TIGR01934
pfam13385	TIGR02597
pfam00223	TIGR01335
pfam00223	TIGR01336
pfam02514	TIGR02257
pfam10150	TIGR00757
pfam01612	TIGR01388
pfam03772	TIGR00361
pfam12805	TIGR01667
pfam12805	TIGR01666
pfam03912	TIGR03047
pfam12951	TIGR02601
pfam01729	TIGR01334
pfam09662	TIGR02725
pfam05116	TIGR02471
pfam02387	TIGR03474
pfam00570	TIGR01388
pfam00570	TIGR01389
pfam06050	TIGR03191
pfam01315	TIGR02416
pfam00676	TIGR03182
pfam01165	TIGR00030
pfam00875	TIGR03556
pfam00884	TIGR03417
pfam01773	TIGR00804
pfam01053	TIGR01326
pfam01053	TIGR01325
pfam01053	TIGR01324
pfam01053	TIGR01329
pfam01053	TIGR01328
pfam00528	TIGR03416
pfam07992	TIGR03143
pfam09551	TIGR02837
pfam07992	TIGR03140
pfam13247	TIGR03149
pfam00588	TIGR00050
pfam01380	TIGR00393
pfam07201	TIGR02568
pfam13394	TIGR04322
pfam00885	TIGR01506
pfam00117	TIGR01368
pfam04650	TIGR04263
pfam01872	TIGR00227
pfam04650	TIGR04264
pfam01872	TIGR00326
pfam03641	TIGR00725
pfam02517	TIGR04162
pfam09679	TIGR02741
pfam01066	TIGR00560
pfam13401	TIGR03015
pfam02668	TIGR02410
pfam00994	TIGR02667
pfam11230	TIGR04040
pfam00459	TIGR02067
pfam00587	TIGR00408
pfam00587	TIGR00409
pfam07155	TIGR04002
pfam10590	TIGR00558
pfam00753	TIGR03675
pfam14098	TIGR03092
pfam07167	TIGR01839
pfam02613	TIGR00684
pfam00005	TIGR03522
pfam12080	TIGR03517
pfam02347	TIGR00461
pfam07261	TIGR01446
pfam09580	TIGR02898
pfam09875	TIGR03272
pfam03063	TIGR01702
pfam03063	TIGR01703
pfam13353	TIGR04148
pfam09543	TIGR02267
pfam05031	TIGR03063
pfam05031	TIGR03068
pfam02511	TIGR02170
pfam03319	TIGR02704
pfam08900	TIGR03761
pfam00501	TIGR02372
pfam12291	TIGR03055
pfam05698	TIGR00115
pfam00359	TIGR00848
pfam00916	TIGR00815
pfam00266	TIGR03392
pfam02803	TIGR02445
pfam02803	TIGR02446
pfam00501	TIGR02155
pfam01625	TIGR00401
pfam02481	TIGR00732
pfam00696	TIGR01027
pfam04262	TIGR01434
pfam04262	TIGR01435
pfam00501	TIGR03205
pfam00501	TIGR03208
pfam00977	TIGR00735
pfam00941	TIGR03312
pfam01758	TIGR00841
pfam09721	TIGR04156
pfam09721	TIGR04152
pfam06831	TIGR00577
pfam01867	TIGR00287
pfam08798	TIGR01907
pfam13793	TIGR01251
pfam04688	TIGR01592
pfam00271	TIGR01967
pfam01491	TIGR03421
pfam07559	TIGR02489
pfam01177	TIGR00035
pfam00454	TIGR03843
pfam07284	TIGR02020
pfam00528	TIGR02139
pfam00528	TIGR02138
pfam04055	TIGR04072
pfam01144	TIGR02428
pfam01144	TIGR02429
pfam03466	TIGR02036
pfam00120	TIGR00653
pfam02096	TIGR03592
pfam03848	TIGR00477
pfam01933	TIGR01826
pfam00306	TIGR03324
pfam03412	TIGR03796
pfam03464	TIGR03676
pfam00367	TIGR01998
pfam00367	TIGR01995
pfam00367	TIGR01996
pfam00367	TIGR01992
pfam03264	TIGR03153
pfam01992	TIGR02923
pfam00107	TIGR00692
pfam00156	TIGR01203
pfam01799	TIGR03311
pfam01799	TIGR03313
pfam07728	TIGR01650
pfam05198	TIGR00168
pfam00542	TIGR00855
pfam03150	TIGR04039
pfam13442	TIGR00782
pfam03486	TIGR00275
pfam01225	TIGR01143
pfam04261	TIGR01413
pfam04261	TIGR01412
pfam00448	TIGR00959
pfam04561	TIGR02013
pfam04542	TIGR02835
pfam01053	TIGR02080
pfam09182	TIGR01743
pfam00119	TIGR03306
pfam02738	TIGR02416
pfam04545	TIGR02937
pfam06686	TIGR02848
pfam06686	TIGR02849
pfam08489	TIGR03280
pfam03652	TIGR00250
pfam00344	TIGR00967
pfam03649	TIGR00245
pfam01207	TIGR00742
pfam01728	TIGR00438
pfam00152	TIGR00462
pfam00271	TIGR00603
pfam03367	TIGR00340
pfam13366	TIGR04256
pfam01068	TIGR04120
pfam02397	TIGR03023
pfam01098	TIGR02210
pfam00275	TIGR01356
pfam03485	TIGR00456
pfam09369	TIGR03817
pfam02384	TIGR00497
pfam02922	TIGR02104
pfam01121	TIGR00152
pfam02922	TIGR02102
pfam02922	TIGR02103
pfam02922	TIGR02100
pfam00528	TIGR00969
pfam00702	TIGR01524
pfam00202	TIGR00699
pfam02861	TIGR03346
pfam03070	TIGR04306
pfam02775	TIGR03254
pfam00861	TIGR00060
pfam13394	TIGR04100
pfam00291	TIGR01138
pfam01553	TIGR00530
pfam01750	TIGR00140
pfam01750	TIGR00142
pfam01206	TIGR03527
pfam02817	TIGR02927
pfam01883	TIGR02945
pfam03136	TIGR03688
pfam03136	TIGR03686
pfam00296	TIGR03565
pfam00296	TIGR03564
pfam00296	TIGR03560
pfam00266	TIGR01814
pfam00122	TIGR01497
pfam02092	TIGR00211
pfam02801	TIGR03150
pfam00122	TIGR01494
pfam00730	TIGR03252
pfam13520	TIGR00910
pfam01627	TIGR02956
pfam08264	TIGR00422
pfam01040	TIGR02056
pfam02537	TIGR00494
pfam08433	TIGR03574
pfam02080	TIGR01625
pfam01546	TIGR03526
pfam09475	TIGR02527
pfam02272	TIGR00644
pfam00005	TIGR02324
pfam00005	TIGR02323
pfam02566	TIGR03563
pfam02566	TIGR03562
pfam02566	TIGR03561
pfam03270	TIGR02935
pfam00583	TIGR01211
pfam03264	TIGR02162
pfam03264	TIGR02161
pfam00205	TIGR02418
pfam01380	TIGR01135
pfam02776	TIGR02720
pfam02769	TIGR01857
pfam08003	TIGR00452
pfam01833	TIGR03437
pfam13520	TIGR00907
pfam01245	TIGR01024
pfam04014	TIGR01439
pfam00180	TIGR00127
pfam00381	TIGR01003
pfam03033	TIGR01133
pfam00501	TIGR02316
pfam00202	TIGR03251
pfam09459	TIGR03477
pfam01521	TIGR01997
pfam08745	TIGR03875
pfam00590	TIGR02467
pfam00300	TIGR03162
pfam01406	TIGR00435
pfam13360	TIGR03075
pfam13360	TIGR03074
pfam02775	TIGR03393
pfam02706	TIGR03007
pfam00571	TIGR00393
pfam04399	TIGR02182
pfam01557	TIGR03220
pfam04055	TIGR02026
pfam10128	TIGR00534
pfam01966	TIGR00488
pfam04277	TIGR01195
pfam13537	TIGR01536
pfam00268	TIGR04171
pfam00994	TIGR00177
pfam08240	TIGR03201
pfam01494	TIGR03219
pfam01761	TIGR01357
pfam00368	TIGR00533
pfam00368	TIGR00532
pfam03309	TIGR00671
pfam09721	TIGR04177
pfam12681	TIGR03645
pfam00294	TIGR02198
pfam04507	TIGR01742
pfam09703	TIGR01914
pfam01297	TIGR03769
pfam00378	TIGR03200
pfam02875	TIGR01082
pfam09239	TIGR01052
pfam01782	TIGR02273
pfam02277	TIGR00303
pfam00679	TIGR00484
pfam08175	TIGR02864
pfam02653	TIGR03409
pfam02653	TIGR03408
pfam00072	TIGR02875
pfam10589	TIGR01959
pfam00306	TIGR03305
pfam09887	TIGR03285
pfam04883	TIGR01725
pfam00111	TIGR03198
pfam02272	TIGR00344
pfam01182	TIGR01198
pfam00124	TIGR01115
pfam09481	TIGR02547
pfam02667	TIGR00366
pfam09578	TIGR02893
pfam00148	TIGR02931
pfam00148	TIGR02932
pfam02880	TIGR03990
pfam01740	TIGR00815
pfam09055	TIGR02753
pfam08759	TIGR03728
pfam08013	TIGR02810
pfam04039	TIGR00943
pfam10103	TIGR03624
pfam02518	TIGR00229
pfam01713	TIGR01069
pfam00056	TIGR01763
pfam03976	TIGR03709
pfam03976	TIGR03708
pfam03976	TIGR03707
pfam00005	TIGR02868
pfam09613	TIGR02561
pfam02597	TIGR01682
pfam02597	TIGR01683
pfam02597	TIGR01687
pfam01874	TIGR03125
pfam01327	TIGR00079
pfam13746	TIGR02745
pfam02781	TIGR00871
pfam08501	TIGR01809
pfam01127	TIGR02970
pfam13419	TIGR01549
pfam00282	TIGR01788
pfam00725	TIGR02279
pfam00004	TIGR02880
pfam00004	TIGR02881
pfam00873	TIGR00914
pfam00873	TIGR00915
pfam03838	TIGR00648
pfam01336	TIGR00458
pfam00154	TIGR02012
pfam11838	TIGR02412
pfam06243	TIGR04031
pfam03781	TIGR03525
pfam03781	TIGR03524
pfam03781	TIGR03529
pfam09506	TIGR02399
pfam00920	TIGR03432
pfam04542	TIGR02943
pfam02423	TIGR02371
pfam05834	TIGR01789
pfam10396	TIGR00450
pfam00004	TIGR03689
pfam01032	TIGR03869
pfam11794	TIGR02309
pfam01180	TIGR01036
pfam01180	TIGR01037
pfam08240	TIGR02817
pfam00999	TIGR00932
pfam08240	TIGR02819
pfam08240	TIGR02818
pfam04055	TIGR02495
pfam04055	TIGR02494
pfam04539	TIGR02885
pfam04055	TIGR02493
pfam01593	TIGR02731
pfam01593	TIGR02732
pfam01996	TIGR01916
pfam12072	TIGR03319
pfam11524	TIGR03884
pfam01546	TIGR03176
pfam00908	TIGR01221
pfam12344	TIGR00631
pfam03205	TIGR00176
pfam00962	TIGR01431
pfam00962	TIGR01430
pfam01011	TIGR03074
pfam00288	TIGR01920
pfam02867	TIGR02506
pfam02867	TIGR02504
pfam04208	TIGR01111
pfam08423	TIGR02236
pfam08423	TIGR02237
pfam09505	TIGR02368
pfam02403	TIGR00414
pfam13419	TIGR02009
pfam00925	TIGR00505
pfam01315	TIGR03311
pfam13184	TIGR01953
pfam05343	TIGR03106
pfam09318	TIGR02919
pfam09318	TIGR02918
pfam09547	TIGR02836
pfam02734	TIGR02365
pfam02734	TIGR02361
pfam00117	TIGR00566
pfam02566	TIGR03549
pfam13692	TIGR03087
pfam01702	TIGR00449
pfam01740	TIGR02886
pfam00206	TIGR00979
pfam13473	TIGR03096
pfam02367	TIGR00150
pfam12627	TIGR01942
pfam02514	TIGR02025
pfam13353	TIGR04103
pfam07690	TIGR00895
pfam07690	TIGR00897
pfam07690	TIGR00896
pfam07690	TIGR00893
pfam02769	TIGR00476
pfam07690	TIGR00899
pfam07663	TIGR00825
pfam02563	TIGR03027
pfam03372	TIGR00633
pfam13147	TIGR02033
pfam05108	TIGR03919
pfam03837	TIGR01913
pfam00291	TIGR02991
pfam01255	TIGR00055
pfam12849	TIGR00975
pfam02852	TIGR03452
pfam01066	TIGR00473
pfam00717	TIGR00498
pfam00107	TIGR02818
pfam02954	TIGR02040
pfam09581	TIGR02896
pfam00005	TIGR03873
pfam03441	TIGR00591
pfam13382	TIGR01178
pfam01558	TIGR03334
pfam00158	TIGR02915
pfam03611	TIGR00827
pfam01078	TIGR02030
pfam04055	TIGR00538
pfam04055	TIGR00539
pfam11660	TIGR03758
pfam06834	TIGR03756
pfam01016	TIGR00062
pfam02782	TIGR02627
pfam01061	TIGR01248
pfam00596	TIGR02632
pfam10415	TIGR00839
pfam03201	TIGR01723
pfam13375	TIGR01945
pfam05138	TIGR02156
pfam05138	TIGR02158
pfam05199	TIGR01810
pfam04204	TIGR01001
pfam08223	TIGR02277
pfam01058	TIGR03294
pfam05681	TIGR00722
pfam01261	TIGR03234
pfam02516	TIGR04154
pfam00899	TIGR02354
pfam01663	TIGR02335
pfam09485	TIGR02548
pfam00535	TIGR04009
pfam00226	TIGR00714
pfam02357	TIGR01956
pfam02771	TIGR03204
pfam00237	TIGR01044
pfam08439	TIGR00181
pfam11203	TIGR03923
pfam02754	TIGR03288
pfam00547	TIGR00193
pfam04072	TIGR00027
pfam09619	TIGR02567
pfam06988	TIGR02934
pfam00533	TIGR00575
pfam02190	TIGR00763
pfam13186	TIGR04133
pfam09414	TIGR02307
pfam12705	TIGR02786
pfam10418	TIGR02911
pfam07441	TIGR02862
pfam10385	TIGR02013
pfam00384	TIGR00509
pfam03143	TIGR00485
pfam04095	TIGR01514
pfam03143	TIGR00483
pfam06574	TIGR00083
pfam09822	TIGR03521
pfam00004	TIGR01243
pfam00004	TIGR01242
pfam01312	TIGR00789
pfam02817	TIGR01347
pfam02817	TIGR01348
pfam03767	TIGR01675
pfam03767	TIGR01672
pfam00196	TIGR03020
pfam03352	TIGR00624
pfam00696	TIGR02076
pfam00696	TIGR02075
pfam00696	TIGR02078
pfam01928	TIGR00318
pfam02195	TIGR00180
pfam01807	TIGR01391
pfam09455	TIGR02221
pfam00590	TIGR01467
pfam00590	TIGR01466
pfam05440	TIGR04166
pfam01656	TIGR00313
pfam02938	TIGR00459
pfam00590	TIGR01469
pfam00317	TIGR04170
pfam13472	TIGR02597
pfam04055	TIGR04261
pfam02881	TIGR01425
pfam00091	TIGR00065
pfam12710	TIGR01491
pfam12710	TIGR01490
pfam00733	TIGR03108
pfam00733	TIGR03104
pfam04055	TIGR04269
pfam01790	TIGR00544
pfam00378	TIGR02280
pfam07517	TIGR03714
pfam00175	TIGR02911
pfam05572	TIGR03952
pfam01209	TIGR02752
pfam02926	TIGR00342
pfam00148	TIGR02014
pfam00148	TIGR02015
pfam04077	TIGR03011
pfam04055	TIGR03699
pfam03596	TIGR00779
pfam02348	TIGR00466
pfam07687	TIGR01883
pfam07687	TIGR01882
pfam10017	TIGR03439
pfam10017	TIGR03438
pfam09707	TIGR01873
pfam00698	TIGR02813
pfam08486	TIGR02870
pfam00724	TIGR03996
pfam00724	TIGR03997
pfam01425	TIGR00132
pfam13353	TIGR03961
pfam07521	TIGR00649
pfam12081	TIGR03517
pfam00483	TIGR02091
pfam00483	TIGR02092
pfam13541	TIGR00416
pfam12867	TIGR04345
pfam01061	TIGR01291
pfam01544	TIGR00383
pfam07993	TIGR01746
pfam12867	TIGR04344
pfam01741	TIGR00220
pfam01423	TIGR02383
pfam00330	TIGR01340
pfam00330	TIGR01341
pfam00330	TIGR01342
pfam00330	TIGR01343
pfam01918	TIGR00285
pfam00428	TIGR03685
pfam04055	TIGR04322
pfam00347	TIGR03654
pfam13183	TIGR03290
pfam00347	TIGR03653
pfam00148	TIGR01279
pfam00148	TIGR01278
pfam00005	TIGR02982
pfam01096	TIGR01384
pfam00575	TIGR02696
pfam09528	TIGR02202
pfam00881	TIGR02476
pfam01910	TIGR00106
pfam09614	TIGR02565
pfam01370	TIGR02197
pfam00909	TIGR03644
pfam13641	TIGR03937
pfam00317	TIGR02506
pfam05134	TIGR01709
pfam01553	TIGR03703
pfam00006	TIGR03498
pfam01725	TIGR00042
pfam00006	TIGR03496
pfam00006	TIGR03497
pfam01568	TIGR00509
pfam01734	TIGR03607
pfam01497	TIGR03659
pfam06253	TIGR02369
pfam00117	TIGR01855
pfam00005	TIGR01189
pfam00005	TIGR01188
pfam00005	TIGR01184
pfam00005	TIGR01187
pfam00005	TIGR01186
pfam10431	TIGR03345
pfam10431	TIGR03346
pfam00510	TIGR02897
pfam02653	TIGR03727
pfam03833	TIGR00354
pfam04542	TIGR02957
pfam05943	TIGR03355
pfam04542	TIGR02950
pfam04055	TIGR00510
pfam04542	TIGR02952
pfam02534	TIGR02767
pfam04542	TIGR02959
pfam04230	TIGR03609
pfam01975	TIGR00087
pfam00596	TIGR00760
pfam00271	TIGR00580
pfam05135	TIGR01560
pfam04207	TIGR01112
pfam04613	TIGR01853
pfam13180	TIGR02038
pfam13180	TIGR02037
pfam00355	TIGR02377
pfam06228	TIGR04108
pfam00171	TIGR02288
pfam00116	TIGR04244
pfam00116	TIGR04246
pfam03328	TIGR01588
pfam07071	TIGR03581
pfam10502	TIGR02771
pfam13411	TIGR02043
pfam01966	TIGR00295
pfam13186	TIGR03974
pfam09837	TIGR04282
pfam06071	TIGR00092
pfam01618	TIGR02796
pfam01618	TIGR02797
pfam13394	TIGR04080
pfam01867	TIGR03641
pfam01867	TIGR03640
pfam02874	TIGR01042
pfam02381	TIGR00242
pfam09524	TIGR02220
pfam00909	TIGR00836
pfam04073	TIGR00011
pfam02446	TIGR00217
pfam01869	TIGR00241
pfam03441	TIGR03556
pfam02800	TIGR01532
pfam02800	TIGR01534
pfam00664	TIGR03797
pfam03741	TIGR03716
pfam03741	TIGR03717
pfam03741	TIGR03718
pfam00288	TIGR00191
pfam00953	TIGR02380
pfam11856	TIGR03607
pfam02875	TIGR01143
pfam02852	TIGR01421
pfam02852	TIGR01424
pfam00266	TIGR01979
pfam07994	TIGR03450
pfam00266	TIGR01977
pfam00266	TIGR01976
pfam00950	TIGR03770
pfam01171	TIGR02433
pfam01171	TIGR02432
pfam00383	TIGR01355
pfam07715	TIGR01779
pfam13535	TIGR04185
pfam00348	TIGR02748
pfam00348	TIGR02749
pfam00702	TIGR01523
pfam00702	TIGR01522
pfam01743	TIGR01942
pfam00702	TIGR01525
pfam13738	TIGR04046
pfam01592	TIGR01999
pfam00365	TIGR02482
pfam00365	TIGR02483
pfam01592	TIGR01994
pfam01597	TIGR00527
pfam00155	TIGR04350
pfam00676	TIGR00239
pfam02626	TIGR02712
pfam10985	TIGR03643
pfam00903	TIGR03211
pfam00903	TIGR03213
pfam02441	TIGR00421
pfam09574	TIGR02808
pfam00216	TIGR00988
pfam00923	TIGR02134
pfam00216	TIGR00987
pfam00005	TIGR03415
pfam04542	TIGR02895
pfam00155	TIGR00858
pfam00205	TIGR01504
pfam13439	TIGR03999
pfam02669	TIGR00681
pfam00501	TIGR02275
pfam08487	TIGR03788
pfam03796	TIGR00665
pfam00111	TIGR03193
pfam00215	TIGR01740
pfam00557	TIGR02993
pfam01624	TIGR01070
pfam02687	TIGR03434
pfam05000	TIGR02390
pfam10995	TIGR03369
pfam00636	TIGR02191
pfam01920	TIGR02338
pfam12766	TIGR04026
pfam02769	TIGR02124
pfam01946	TIGR00292
pfam00886	TIGR00002
pfam13419	TIGR01493
pfam03030	TIGR01104
pfam04963	TIGR02395
pfam13247	TIGR01660
pfam01556	TIGR02349
pfam01966	TIGR01353
pfam00226	TIGR02349
pfam00005	TIGR00972
pfam00890	TIGR00551
pfam02665	TIGR00351
pfam00491	TIGR01229
pfam00491	TIGR01227
pfam00890	TIGR02485
pfam12710	TIGR03333
pfam00682	TIGR02090
pfam02885	TIGR01245
pfam03725	TIGR02065
pfam07516	TIGR00963
pfam00551	TIGR00460
pfam00158	TIGR01818
pfam09654	TIGR02652
pfam08176	TIGR03091
pfam12637	TIGR03905
pfam00860	TIGR03173
pfam00158	TIGR01817
pfam08751	TIGR02686
pfam00137	TIGR03322
pfam08281	TIGR02859
pfam01678	TIGR00652
pfam11796	TIGR02679
pfam04609	TIGR03274
pfam09620	TIGR02579
pfam11794	TIGR02310
pfam02436	TIGR01108
pfam01208	TIGR01464
pfam01902	TIGR03679
pfam01597	TIGR03077
pfam04422	TIGR03289
pfam03466	TIGR02424
pfam00308	TIGR03420
pfam09537	TIGR02284
pfam07752	TIGR01567
pfam00324	TIGR01773
pfam03358	TIGR04037
pfam11290	TIGR03847
pfam03775	TIGR01222
pfam13522	TIGR01135
pfam04879	TIGR01706
pfam04098	TIGR00607
pfam00361	TIGR01770
pfam07733	TIGR01405
pfam00579	TIGR00233
pfam00579	TIGR00234
pfam01252	TIGR00077
pfam01313	TIGR01403
pfam01313	TIGR01402
